"genes","pathway","Cancer_type","new"
"ABCC4","HALLMARK_ANDROGEN_RESPONSE","SARC","ABCC4 SARC"
"ACKR3","HALLMARK_HYPOXIA","UCEC","ACKR3 UCEC"
"ACKR3","HALLMARK_HYPOXIA","DLBC","ACKR3 DLBC"
"ACKR3","HALLMARK_HYPOXIA","COAD","ACKR3 COAD"
"ACKR3","HALLMARK_HYPOXIA","SKCM","ACKR3 SKCM"
"ACKR3","HALLMARK_HYPOXIA","STAD","ACKR3 STAD"
"ACKR3","HALLMARK_HYPOXIA","NBL","ACKR3 NBL"
"ACKR3","HALLMARK_HYPOXIA","PANCAN","ACKR3 PANCAN"
"ACKR3","HALLMARK_HYPOXIA","READ","ACKR3 READ"
"ACKR3","HALLMARK_HYPOXIA","CESC","ACKR3 CESC"
"ACKR3","HALLMARK_HYPOXIA","SARC","ACKR3 SARC"
"ACKR3","HALLMARK_HYPOXIA","LUAD","ACKR3 LUAD"
"ACKR3","HALLMARK_HYPOXIA","UCS","ACKR3 UCS"
"ACSL3","HALLMARK_ANDROGEN_RESPONSE","ESCA","ACSL3 ESCA"
"ACSL3","HALLMARK_ANDROGEN_RESPONSE","LAML","ACSL3 LAML"
"ACSL3","HALLMARK_ANDROGEN_RESPONSE","PRAD","ACSL3 PRAD"
"ACSL3","HALLMARK_ANDROGEN_RESPONSE","CESC","ACSL3 CESC"
"ACSL3","HALLMARK_ANDROGEN_RESPONSE","UCEC","ACSL3 UCEC"
"ACSL3","HALLMARK_ANDROGEN_RESPONSE","CHOL","ACSL3 CHOL"
"ACSL3","HALLMARK_ANDROGEN_RESPONSE","READ","ACSL3 READ"
"ACSL3","HALLMARK_ANDROGEN_RESPONSE","COAD","ACSL3 COAD"
"ACSL3","HALLMARK_ANDROGEN_RESPONSE","DLBC","ACSL3 DLBC"
"ACSL3","HALLMARK_ANDROGEN_RESPONSE","STAD","ACSL3 STAD"
"ACSL3","HALLMARK_ANDROGEN_RESPONSE","SKCM","ACSL3 SKCM"
"ACSL6","HALLMARK_HEME_METABOLISM","LUSC","ACSL6 LUSC"
"ACSL6","HALLMARK_HEME_METABOLISM","CESC","ACSL6 CESC"
"ACSL6","HALLMARK_HEME_METABOLISM","SKCM","ACSL6 SKCM"
"ACSL6","HALLMARK_HEME_METABOLISM","PANCAN","ACSL6 PANCAN"
"ACSL6","HALLMARK_HEME_METABOLISM","READ","ACSL6 READ"
"ACSL6","HALLMARK_HEME_METABOLISM","UCEC","ACSL6 UCEC"
"ACSL6","HALLMARK_HEME_METABOLISM","BLCA","ACSL6 BLCA"
"ACSL6","HALLMARK_HEME_METABOLISM","COAD","ACSL6 COAD"
"ACSL6","HALLMARK_HEME_METABOLISM","LUAD","ACSL6 LUAD"
"ACSL6","HALLMARK_HEME_METABOLISM","LIHC","ACSL6 LIHC"
"ACSL6","HALLMARK_HEME_METABOLISM","SARC","ACSL6 SARC"
"ACSL6","HALLMARK_HEME_METABOLISM","STAD","ACSL6 STAD"
"ACSM3","HALLMARK_FATTY_ACID_METABOLISM","GBM","ACSM3 GBM"
"AKT1","HALLMARK_ANDROGEN_RESPONSE","PANCAN","AKT1 PANCAN"
"AKT1","HALLMARK_ANDROGEN_RESPONSE","THCA","AKT1 THCA"
"AKT1","HALLMARK_ANDROGEN_RESPONSE","ACYC","AKT1 ACYC"
"AKT1","HALLMARK_ANDROGEN_RESPONSE","OS","AKT1 OS"
"AKT1","HALLMARK_ANDROGEN_RESPONSE","COAD","AKT1 COAD"
"AKT1","HALLMARK_ANDROGEN_RESPONSE","UCEC","AKT1 UCEC"
"AKT1","HALLMARK_ANDROGEN_RESPONSE","BLCA","AKT1 BLCA"
"AKT1","HALLMARK_ANDROGEN_RESPONSE","STAD","AKT1 STAD"
"AKT1","HALLMARK_ANDROGEN_RESPONSE","LUSC","AKT1 LUSC"
"AKT1","HALLMARK_ANDROGEN_RESPONSE","LAML","AKT1 LAML"
"AKT1","HALLMARK_ANDROGEN_RESPONSE","THYM","AKT1 THYM"
"AKT1","HALLMARK_ANDROGEN_RESPONSE","SKCM","AKT1 SKCM"
"AKT1","HALLMARK_ANDROGEN_RESPONSE","CESC","AKT1 CESC"
"AKT1","HALLMARK_ANDROGEN_RESPONSE","BRCA","AKT1 BRCA"
"AKT1","HALLMARK_ANDROGEN_RESPONSE","ESCA","AKT1 ESCA"
"AKT1","HALLMARK_ANDROGEN_RESPONSE","NSCLC","AKT1 NSCLC"
"ALDH1A1","HALLMARK_BILE_ACID_METABOLISM","KICH","ALDH1A1 KICH"
"ALDH1A1","HALLMARK_BILE_ACID_METABOLISM","HNSC","ALDH1A1 HNSC"
"ALDH1A1","HALLMARK_BILE_ACID_METABOLISM","KIRC","ALDH1A1 KIRC"
"ALDH1A1","HALLMARK_BILE_ACID_METABOLISM","BRCA","ALDH1A1 BRCA"
"ALDH1A1","HALLMARK_BILE_ACID_METABOLISM","BLCA","ALDH1A1 BLCA"
"ALDH1A1","HALLMARK_BILE_ACID_METABOLISM","PRAD","ALDH1A1 PRAD"
"ALDH1A1","HALLMARK_BILE_ACID_METABOLISM","READ","ALDH1A1 READ"
"ALDH1A1","HALLMARK_BILE_ACID_METABOLISM","STAD","ALDH1A1 STAD"
"ALDH1A1","HALLMARK_BILE_ACID_METABOLISM","COAD","ALDH1A1 COAD"
"ALDH1A1","HALLMARK_BILE_ACID_METABOLISM","THCA","ALDH1A1 THCA"
"ALDH1A1","HALLMARK_BILE_ACID_METABOLISM","LUAD","ALDH1A1 LUAD"
"ALDH2","HALLMARK_XENOBIOTIC_METABOLISM","SARC","ALDH2 SARC"
"ALDH2","HALLMARK_XENOBIOTIC_METABOLISM","COAD","ALDH2 COAD"
"ALDH2","HALLMARK_XENOBIOTIC_METABOLISM","ESCA","ALDH2 ESCA"
"ALDH2","HALLMARK_XENOBIOTIC_METABOLISM","CESC","ALDH2 CESC"
"ALDH2","HALLMARK_XENOBIOTIC_METABOLISM","UVM","ALDH2 UVM"
"ALDH2","HALLMARK_XENOBIOTIC_METABOLISM","UCEC","ALDH2 UCEC"
"ALDH2","HALLMARK_XENOBIOTIC_METABOLISM","READ","ALDH2 READ"
"ALDH2","HALLMARK_XENOBIOTIC_METABOLISM","UCS","ALDH2 UCS"
"ALDH2","HALLMARK_XENOBIOTIC_METABOLISM","SKCM","ALDH2 SKCM"
"ALDH2","HALLMARK_XENOBIOTIC_METABOLISM","STAD","ALDH2 STAD"
"ALDH2","HALLMARK_XENOBIOTIC_METABOLISM","KIRP","ALDH2 KIRP"
"ANK1","HALLMARK_HEME_METABOLISM","PRAD","ANK1 PRAD"
"ANK1","HALLMARK_HEME_METABOLISM","PANCAN","ANK1 PANCAN"
"ANK1","HALLMARK_HEME_METABOLISM","GBM","ANK1 GBM"
"ANK1","HALLMARK_HEME_METABOLISM","CESC","ANK1 CESC"
"ANK1","HALLMARK_HEME_METABOLISM","SARC","ANK1 SARC"
"ANK1","HALLMARK_HEME_METABOLISM","UCEC","ANK1 UCEC"
"ANK1","HALLMARK_HEME_METABOLISM","READ","ANK1 READ"
"ANK1","HALLMARK_HEME_METABOLISM","OS","ANK1 OS"
"ANK1","HALLMARK_HEME_METABOLISM","DLBC","ANK1 DLBC"
"ANK1","HALLMARK_HEME_METABOLISM","MESO","ANK1 MESO"
"ANK1","HALLMARK_HEME_METABOLISM","HNSC","ANK1 HNSC"
"ANK1","HALLMARK_HEME_METABOLISM","BLCA","ANK1 BLCA"
"ANK1","HALLMARK_HEME_METABOLISM","UCS","ANK1 UCS"
"ANK1","HALLMARK_HEME_METABOLISM","LIHC","ANK1 LIHC"
"ANK1","HALLMARK_HEME_METABOLISM","KIRP","ANK1 KIRP"
"ANK1","HALLMARK_HEME_METABOLISM","OV","ANK1 OV"
"ANK1","HALLMARK_HEME_METABOLISM","CHOL","ANK1 CHOL"
"ANK1","HALLMARK_HEME_METABOLISM","PAAD","ANK1 PAAD"
"ANK1","HALLMARK_HEME_METABOLISM","STAD","ANK1 STAD"
"ANK1","HALLMARK_HEME_METABOLISM","LUSC","ANK1 LUSC"
"ANK1","HALLMARK_HEME_METABOLISM","SKCM","ANK1 SKCM"
"ANK1","HALLMARK_HEME_METABOLISM","COAD","ANK1 COAD"
"ANK1","HALLMARK_HEME_METABOLISM","LUAD","ANK1 LUAD"
"ANK1","HALLMARK_HEME_METABOLISM","ESCA","ANK1 ESCA"
"ANK1","HALLMARK_HEME_METABOLISM","BRCA","ANK1 BRCA"
"AOX1","HALLMARK_XENOBIOTIC_METABOLISM","LIHC","AOX1 LIHC"
"AR","HALLMARK_BILE_ACID_METABOLISM","CESC","AR CESC"
"AR","HALLMARK_BILE_ACID_METABOLISM","LUSC","AR LUSC"
"AR","HALLMARK_BILE_ACID_METABOLISM","LIHC","AR LIHC"
"AR","HALLMARK_BILE_ACID_METABOLISM","STAD","AR STAD"
"AR","HALLMARK_BILE_ACID_METABOLISM","ESCA","AR ESCA"
"AR","HALLMARK_BILE_ACID_METABOLISM","OV","AR OV"
"AR","HALLMARK_BILE_ACID_METABOLISM","HNSC","AR HNSC"
"AR","HALLMARK_BILE_ACID_METABOLISM","PCM","AR PCM"
"AR","HALLMARK_BILE_ACID_METABOLISM","SKCM","AR SKCM"
"AR","HALLMARK_BILE_ACID_METABOLISM","BRCA","AR BRCA"
"AR","HALLMARK_BILE_ACID_METABOLISM","COAD","AR COAD"
"AR","HALLMARK_BILE_ACID_METABOLISM","DLBC","AR DLBC"
"AR","HALLMARK_BILE_ACID_METABOLISM","UCEC","AR UCEC"
"AR","HALLMARK_BILE_ACID_METABOLISM","SARC","AR SARC"
"AR","HALLMARK_BILE_ACID_METABOLISM","BLCA","AR BLCA"
"AR","HALLMARK_BILE_ACID_METABOLISM","READ","AR READ"
"AR","HALLMARK_BILE_ACID_METABOLISM","PANCAN","AR PANCAN"
"AR","HALLMARK_BILE_ACID_METABOLISM","GBM","AR GBM"
"AR","HALLMARK_BILE_ACID_METABOLISM","CHOL","AR CHOL"
"AR","HALLMARK_BILE_ACID_METABOLISM","LUAD","AR LUAD"
"ARAF","HALLMARK_ADIPOGENESIS","READ","ARAF READ"
"ARAF","HALLMARK_ADIPOGENESIS","SKCM","ARAF SKCM"
"ARAF","HALLMARK_ADIPOGENESIS","PAAD","ARAF PAAD"
"ARAF","HALLMARK_ADIPOGENESIS","CESC","ARAF CESC"
"ARAF","HALLMARK_ADIPOGENESIS","STAD","ARAF STAD"
"ARAF","HALLMARK_ADIPOGENESIS","COAD","ARAF COAD"
"ARAF","HALLMARK_ADIPOGENESIS","ESCA","ARAF ESCA"
"ARAF","HALLMARK_ADIPOGENESIS","LUSC","ARAF LUSC"
"ARAF","HALLMARK_ADIPOGENESIS","UCS","ARAF UCS"
"ARAF","HALLMARK_ADIPOGENESIS","UCEC","ARAF UCEC"
"ARAF","HALLMARK_ADIPOGENESIS","MESO","ARAF MESO"
"ARAF","HALLMARK_ADIPOGENESIS","CHOL","ARAF CHOL"
"ARAF","HALLMARK_ADIPOGENESIS","SARC","ARAF SARC"
"ARAF","HALLMARK_ADIPOGENESIS","PANCAN","ARAF PANCAN"
"ARHGEF12","HALLMARK_HEME_METABOLISM","UCS","ARHGEF12 UCS"
"ARHGEF12","HALLMARK_HEME_METABOLISM","LUAD","ARHGEF12 LUAD"
"ARHGEF12","HALLMARK_HEME_METABOLISM","THYM","ARHGEF12 THYM"
"ARHGEF12","HALLMARK_HEME_METABOLISM","READ","ARHGEF12 READ"
"ARHGEF12","HALLMARK_HEME_METABOLISM","HNSC","ARHGEF12 HNSC"
"ARHGEF12","HALLMARK_HEME_METABOLISM","SKCM","ARHGEF12 SKCM"
"ARHGEF12","HALLMARK_HEME_METABOLISM","OS","ARHGEF12 OS"
"ARHGEF12","HALLMARK_HEME_METABOLISM","UCEC","ARHGEF12 UCEC"
"ARHGEF12","HALLMARK_HEME_METABOLISM","LIHC","ARHGEF12 LIHC"
"ARHGEF12","HALLMARK_HEME_METABOLISM","PAAD","ARHGEF12 PAAD"
"ARHGEF12","HALLMARK_HEME_METABOLISM","PANCAN","ARHGEF12 PANCAN"
"ARHGEF12","HALLMARK_HEME_METABOLISM","LUSC","ARHGEF12 LUSC"
"ARHGEF12","HALLMARK_HEME_METABOLISM","ESCA","ARHGEF12 ESCA"
"ARHGEF12","HALLMARK_HEME_METABOLISM","KIRP","ARHGEF12 KIRP"
"ARHGEF12","HALLMARK_HEME_METABOLISM","CESC","ARHGEF12 CESC"
"ARHGEF12","HALLMARK_HEME_METABOLISM","STAD","ARHGEF12 STAD"
"ARHGEF12","HALLMARK_HEME_METABOLISM","BRCA","ARHGEF12 BRCA"
"ARHGEF12","HALLMARK_HEME_METABOLISM","MESO","ARHGEF12 MESO"
"ARHGEF12","HALLMARK_HEME_METABOLISM","BLCA","ARHGEF12 BLCA"
"ARHGEF12","HALLMARK_HEME_METABOLISM","COAD","ARHGEF12 COAD"
"ARID5B","HALLMARK_ANDROGEN_RESPONSE","LIHC","ARID5B LIHC"
"ARID5B","HALLMARK_ANDROGEN_RESPONSE","HNSC","ARID5B HNSC"
"ATF3","HALLMARK_CHOLESTEROL_HOMEOSTASIS","PRAD","ATF3 PRAD"
"ATF3","HALLMARK_CHOLESTEROL_HOMEOSTASIS","KIRP","ATF3 KIRP"
"ATF3","HALLMARK_CHOLESTEROL_HOMEOSTASIS","HNSC","ATF3 HNSC"
"ATF3","HALLMARK_CHOLESTEROL_HOMEOSTASIS","LIHC","ATF3 LIHC"
"ATF3","HALLMARK_CHOLESTEROL_HOMEOSTASIS","THCA","ATF3 THCA"
"ATF3","HALLMARK_CHOLESTEROL_HOMEOSTASIS","LUAD","ATF3 LUAD"
"ATF3","HALLMARK_CHOLESTEROL_HOMEOSTASIS","UCEC","ATF3 UCEC"
"ATF3","HALLMARK_CHOLESTEROL_HOMEOSTASIS","KIRC","ATF3 KIRC"
"ATF3","HALLMARK_CHOLESTEROL_HOMEOSTASIS","BRCA","ATF3 BRCA"
"ATF3","HALLMARK_CHOLESTEROL_HOMEOSTASIS","COAD","ATF3 COAD"
"ATF3","HALLMARK_CHOLESTEROL_HOMEOSTASIS","BLCA","ATF3 BLCA"
"ATP2A2","HALLMARK_XENOBIOTIC_METABOLISM","LUAD","ATP2A2 LUAD"
"ATP2A2","HALLMARK_XENOBIOTIC_METABOLISM","HNSC","ATP2A2 HNSC"
"ATP2A2","HALLMARK_XENOBIOTIC_METABOLISM","LIHC","ATP2A2 LIHC"
"AURKA","HALLMARK_GLYCOLYSIS","BRCA","AURKA BRCA"
"AURKA","HALLMARK_GLYCOLYSIS","STAD","AURKA STAD"
"AURKA","HALLMARK_GLYCOLYSIS","LIHC","AURKA LIHC"
"B2M","HALLMARK_ANDROGEN_RESPONSE","CHOL","B2M CHOL"
"B2M","HALLMARK_ANDROGEN_RESPONSE","COAD","B2M COAD"
"B2M","HALLMARK_ANDROGEN_RESPONSE","CESC","B2M CESC"
"B2M","HALLMARK_ANDROGEN_RESPONSE","LUAD","B2M LUAD"
"B2M","HALLMARK_ANDROGEN_RESPONSE","COADREAD","B2M COADREAD"
"B2M","HALLMARK_ANDROGEN_RESPONSE","SKCM","B2M SKCM"
"B2M","HALLMARK_ANDROGEN_RESPONSE","CGCI-BLGSP","B2M CGCI-BLGSP"
"B2M","HALLMARK_ANDROGEN_RESPONSE","DLBC","B2M DLBC"
"B2M","HALLMARK_ANDROGEN_RESPONSE","PANCAN","B2M PANCAN"
"B2M","HALLMARK_ANDROGEN_RESPONSE","UCEC","B2M UCEC"
"B2M","HALLMARK_ANDROGEN_RESPONSE","HNSC","B2M HNSC"
"B2M","HALLMARK_ANDROGEN_RESPONSE","READ","B2M READ"
"B2M","HALLMARK_ANDROGEN_RESPONSE","STAD","B2M STAD"
"B2M","HALLMARK_ANDROGEN_RESPONSE","LUSC","B2M LUSC"
"BAX","HALLMARK_OXIDATIVE_PHOSPHORYLATION","ESCA","BAX ESCA"
"BAX","HALLMARK_OXIDATIVE_PHOSPHORYLATION","LIHC","BAX LIHC"
"BAX","HALLMARK_OXIDATIVE_PHOSPHORYLATION","COAD","BAX COAD"
"BAX","HALLMARK_OXIDATIVE_PHOSPHORYLATION","COADREAD","BAX COADREAD"
"BAX","HALLMARK_OXIDATIVE_PHOSPHORYLATION","CESC","BAX CESC"
"BAX","HALLMARK_OXIDATIVE_PHOSPHORYLATION","SKCM","BAX SKCM"
"BAX","HALLMARK_OXIDATIVE_PHOSPHORYLATION","UCEC","BAX UCEC"
"BCL2","HALLMARK_HYPOXIA","LUAD","BCL2 LUAD"
"BCL2","HALLMARK_HYPOXIA","DLBC","BCL2 DLBC"
"BCL2","HALLMARK_HYPOXIA","LNM","BCL2 LNM"
"BCL2","HALLMARK_HYPOXIA","UCEC","BCL2 UCEC"
"BCL2","HALLMARK_HYPOXIA","CLLE","BCL2 CLLE"
"BCL2","HALLMARK_HYPOXIA","STAD","BCL2 STAD"
"BCL2","HALLMARK_HYPOXIA","CGCI-BLGSP","BCL2 CGCI-BLGSP"
"BCL6","HALLMARK_ADIPOGENESIS","DLBC","BCL6 DLBC"
"BCL6","HALLMARK_ADIPOGENESIS","SARC","BCL6 SARC"
"BCL6","HALLMARK_ADIPOGENESIS","UCS","BCL6 UCS"
"BCL6","HALLMARK_ADIPOGENESIS","CGCI-BLGSP","BCL6 CGCI-BLGSP"
"BCL6","HALLMARK_ADIPOGENESIS","COAD","BCL6 COAD"
"BCL6","HALLMARK_ADIPOGENESIS","HNSC","BCL6 HNSC"
"BCL6","HALLMARK_ADIPOGENESIS","SKCM","BCL6 SKCM"
"BCL6","HALLMARK_ADIPOGENESIS","CESC","BCL6 CESC"
"BCL6","HALLMARK_ADIPOGENESIS","LIHC","BCL6 LIHC"
"BCL6","HALLMARK_ADIPOGENESIS","READ","BCL6 READ"
"BCL6","HALLMARK_ADIPOGENESIS","PAAD","BCL6 PAAD"
"BCL6","HALLMARK_ADIPOGENESIS","LUAD","BCL6 LUAD"
"BCL6","HALLMARK_ADIPOGENESIS","STAD","BCL6 STAD"
"BCL6","HALLMARK_ADIPOGENESIS","THCA","BCL6 THCA"
"BCL6","HALLMARK_ADIPOGENESIS","LUSC","BCL6 LUSC"
"BCL6","HALLMARK_ADIPOGENESIS","PANCAN","BCL6 PANCAN"
"BCL6","HALLMARK_ADIPOGENESIS","UCEC","BCL6 UCEC"
"BTG1","HALLMARK_HYPOXIA","DLBC","BTG1 DLBC"
"BTG1","HALLMARK_HYPOXIA","CGCI-BLGSP","BTG1 CGCI-BLGSP"
"BTG1","HALLMARK_HYPOXIA","BLCA","BTG1 BLCA"
"BTG2","HALLMARK_HEME_METABOLISM","BLCA","BTG2 BLCA"
"C3","HALLMARK_HEME_METABOLISM","UCEC","C3 UCEC"
"C3","HALLMARK_HEME_METABOLISM","HNSC","C3 HNSC"
"C3","HALLMARK_HEME_METABOLISM","BLCA","C3 BLCA"
"C3","HALLMARK_HEME_METABOLISM","LIHC","C3 LIHC"
"C3","HALLMARK_HEME_METABOLISM","LUAD","C3 LUAD"
"CAV1","HALLMARK_HYPOXIA","LUAD","CAV1 LUAD"
"CAV1","HALLMARK_HYPOXIA","THCA","CAV1 THCA"
"CAV1","HALLMARK_HYPOXIA","COAD","CAV1 COAD"
"CAV1","HALLMARK_HYPOXIA","KIRC","CAV1 KIRC"
"CAV1","HALLMARK_HYPOXIA","KICH","CAV1 KICH"
"CAV1","HALLMARK_HYPOXIA","PRAD","CAV1 PRAD"
"CCND1","HALLMARK_ANDROGEN_RESPONSE","LUSC","CCND1 LUSC"
"CCND1","HALLMARK_ANDROGEN_RESPONSE","MESO","CCND1 MESO"
"CCND1","HALLMARK_ANDROGEN_RESPONSE","UCS","CCND1 UCS"
"CCND1","HALLMARK_ANDROGEN_RESPONSE","BLCA","CCND1 BLCA"
"CCND1","HALLMARK_ANDROGEN_RESPONSE","COAD","CCND1 COAD"
"CCND1","HALLMARK_ANDROGEN_RESPONSE","LAML","CCND1 LAML"
"CCND1","HALLMARK_ANDROGEN_RESPONSE","SKCM","CCND1 SKCM"
"CCND1","HALLMARK_ANDROGEN_RESPONSE","UCEC","CCND1 UCEC"
"CCND3","HALLMARK_HEME_METABOLISM","CGCI-BLGSP","CCND3 CGCI-BLGSP"
"CCND3","HALLMARK_HEME_METABOLISM","ESCA","CCND3 ESCA"
"CCND3","HALLMARK_HEME_METABOLISM","BLCA","CCND3 BLCA"
"CCND3","HALLMARK_HEME_METABOLISM","UCEC","CCND3 UCEC"
"CCND3","HALLMARK_HEME_METABOLISM","LAML","CCND3 LAML"
"CCND3","HALLMARK_HEME_METABOLISM","DLBC","CCND3 DLBC"
"CCND3","HALLMARK_HEME_METABOLISM","MBL","CCND3 MBL"
"CCND3","HALLMARK_HEME_METABOLISM","MESO","CCND3 MESO"
"CDK1","HALLMARK_GLYCOLYSIS","STAD","CDK1 STAD"
"CDK1","HALLMARK_GLYCOLYSIS","BRCA","CDK1 BRCA"
"CDK1","HALLMARK_GLYCOLYSIS","UCEC","CDK1 UCEC"
"CDK1","HALLMARK_GLYCOLYSIS","LUAD","CDK1 LUAD"
"CDK1","HALLMARK_GLYCOLYSIS","PRAD","CDK1 PRAD"
"CDK1","HALLMARK_GLYCOLYSIS","BLCA","CDK1 BLCA"
"CDK1","HALLMARK_GLYCOLYSIS","LIHC","CDK1 LIHC"
"CDK6","HALLMARK_ANDROGEN_RESPONSE","STAD","CDK6 STAD"
"CDK6","HALLMARK_ANDROGEN_RESPONSE","SKCM","CDK6 SKCM"
"CDK6","HALLMARK_ANDROGEN_RESPONSE","KICH","CDK6 KICH"
"CDK6","HALLMARK_ANDROGEN_RESPONSE","BLCA","CDK6 BLCA"
"CDK6","HALLMARK_ANDROGEN_RESPONSE","UCEC","CDK6 UCEC"
"CDK6","HALLMARK_ANDROGEN_RESPONSE","UCS","CDK6 UCS"
"CDK6","HALLMARK_ANDROGEN_RESPONSE","COAD","CDK6 COAD"
"CDK6","HALLMARK_ANDROGEN_RESPONSE","CESC","CDK6 CESC"
"CDK6","HALLMARK_ANDROGEN_RESPONSE","LUAD","CDK6 LUAD"
"CDK6","HALLMARK_ANDROGEN_RESPONSE","LIHC","CDK6 LIHC"
"CDKN1A","HALLMARK_HYPOXIA","STAD","CDKN1A STAD"
"CDKN1A","HALLMARK_HYPOXIA","BRCA","CDKN1A BRCA"
"CDKN1A","HALLMARK_HYPOXIA","CESC","CDKN1A CESC"
"CDKN1A","HALLMARK_HYPOXIA","SARC","CDKN1A SARC"
"CDKN1A","HALLMARK_HYPOXIA","BLCA","CDKN1A BLCA"
"CDKN1A","HALLMARK_HYPOXIA","LIHC","CDKN1A LIHC"
"CDKN1A","HALLMARK_HYPOXIA","ESCA","CDKN1A ESCA"
"CDKN1A","HALLMARK_HYPOXIA","KICH","CDKN1A KICH"
"CDKN1A","HALLMARK_HYPOXIA","THCA","CDKN1A THCA"
"CDKN1A","HALLMARK_HYPOXIA","UCEC","CDKN1A UCEC"
"CDKN1A","HALLMARK_HYPOXIA","SKCM","CDKN1A SKCM"
"CDKN1B","HALLMARK_HYPOXIA","COAD","CDKN1B COAD"
"CDKN1B","HALLMARK_HYPOXIA","GINET","CDKN1B GINET"
"CDKN1B","HALLMARK_HYPOXIA","BLCA","CDKN1B BLCA"
"CDKN1B","HALLMARK_HYPOXIA","BRCA","CDKN1B BRCA"
"CDKN1B","HALLMARK_HYPOXIA","READ","CDKN1B READ"
"CDKN1B","HALLMARK_HYPOXIA","PRAD","CDKN1B PRAD"
"CDKN1B","HALLMARK_HYPOXIA","KICH","CDKN1B KICH"
"CDKN1B","HALLMARK_HYPOXIA","UCEC","CDKN1B UCEC"
"CDKN2C","HALLMARK_ADIPOGENESIS","CGCI-BLGSP","CDKN2C CGCI-BLGSP"
"CDKN2C","HALLMARK_ADIPOGENESIS","GBM","CDKN2C GBM"
"CDKN2C","HALLMARK_ADIPOGENESIS","UCEC","CDKN2C UCEC"
"CDKN2C","HALLMARK_ADIPOGENESIS","MESO","CDKN2C MESO"
"COL4A1","HALLMARK_ADIPOGENESIS","BRCA","COL4A1 BRCA"
"COL4A1","HALLMARK_ADIPOGENESIS","LIHC","COL4A1 LIHC"
"COL5A1","HALLMARK_HYPOXIA","PRAD","COL5A1 PRAD"
"COX6C","HALLMARK_OXIDATIVE_PHOSPHORYLATION","UCEC","COX6C UCEC"
"COX6C","HALLMARK_OXIDATIVE_PHOSPHORYLATION","CHOL","COX6C CHOL"
"CROT","HALLMARK_XENOBIOTIC_METABOLISM","COAD","CROT COAD"
"CTNNB1","HALLMARK_CHOLESTEROL_HOMEOSTASIS","LIHB","CTNNB1 LIHB"
"CTNNB1","HALLMARK_CHOLESTEROL_HOMEOSTASIS","HNSC","CTNNB1 HNSC"
"CTNNB1","HALLMARK_CHOLESTEROL_HOMEOSTASIS","LIHC","CTNNB1 LIHC"
"CTNNB1","HALLMARK_CHOLESTEROL_HOMEOSTASIS","PANCAN","CTNNB1 PANCAN"
"CTNNB1","HALLMARK_CHOLESTEROL_HOMEOSTASIS","UCEC","CTNNB1 UCEC"
"CTNNB1","HALLMARK_CHOLESTEROL_HOMEOSTASIS","CESC","CTNNB1 CESC"
"CTNNB1","HALLMARK_CHOLESTEROL_HOMEOSTASIS","SARC","CTNNB1 SARC"
"CTNNB1","HALLMARK_CHOLESTEROL_HOMEOSTASIS","ESCA","CTNNB1 ESCA"
"CTNNB1","HALLMARK_CHOLESTEROL_HOMEOSTASIS","MESO","CTNNB1 MESO"
"CTNNB1","HALLMARK_CHOLESTEROL_HOMEOSTASIS","COAD","CTNNB1 COAD"
"CTNNB1","HALLMARK_CHOLESTEROL_HOMEOSTASIS","PRAD","CTNNB1 PRAD"
"CTNNB1","HALLMARK_CHOLESTEROL_HOMEOSTASIS","THYM","CTNNB1 THYM"
"CTNNB1","HALLMARK_CHOLESTEROL_HOMEOSTASIS","PAAD","CTNNB1 PAAD"
"CTNNB1","HALLMARK_CHOLESTEROL_HOMEOSTASIS","WT","CTNNB1 WT"
"CTNNB1","HALLMARK_CHOLESTEROL_HOMEOSTASIS","SKCM","CTNNB1 SKCM"
"CTNNB1","HALLMARK_CHOLESTEROL_HOMEOSTASIS","STAD","CTNNB1 STAD"
"CTNNB1","HALLMARK_CHOLESTEROL_HOMEOSTASIS","KICH","CTNNB1 KICH"
"CTNNB1","HALLMARK_CHOLESTEROL_HOMEOSTASIS","BLCA","CTNNB1 BLCA"
"CTNNB1","HALLMARK_CHOLESTEROL_HOMEOSTASIS","READ","CTNNB1 READ"
"CTNNB1","HALLMARK_CHOLESTEROL_HOMEOSTASIS","KIRP","CTNNB1 KIRP"
"CTNNB1","HALLMARK_CHOLESTEROL_HOMEOSTASIS","LUAD","CTNNB1 LUAD"
"CXCR4","HALLMARK_GLYCOLYSIS","THCA","CXCR4 THCA"
"CXCR4","HALLMARK_GLYCOLYSIS","CESC","CXCR4 CESC"
"CXCR4","HALLMARK_GLYCOLYSIS","PRAD","CXCR4 PRAD"
"CXCR4","HALLMARK_GLYCOLYSIS","BRCA","CXCR4 BRCA"
"CXCR4","HALLMARK_GLYCOLYSIS","PAAD","CXCR4 PAAD"
"CXCR4","HALLMARK_GLYCOLYSIS","CGCI-BLGSP","CXCR4 CGCI-BLGSP"
"CXCR4","HALLMARK_GLYCOLYSIS","READ","CXCR4 READ"
"CXCR4","HALLMARK_GLYCOLYSIS","LUSC","CXCR4 LUSC"
"CXCR4","HALLMARK_GLYCOLYSIS","LAML","CXCR4 LAML"
"CXCR4","HALLMARK_GLYCOLYSIS","KICH","CXCR4 KICH"
"CXCR4","HALLMARK_GLYCOLYSIS","DLBC","CXCR4 DLBC"
"CXCR4","HALLMARK_GLYCOLYSIS","KIRC","CXCR4 KIRC"
"CXCR4","HALLMARK_GLYCOLYSIS","PANCAN","CXCR4 PANCAN"
"CXCR4","HALLMARK_GLYCOLYSIS","SARC","CXCR4 SARC"
"CXCR4","HALLMARK_GLYCOLYSIS","ESCA","CXCR4 ESCA"
"CXCR4","HALLMARK_GLYCOLYSIS","BLCA","CXCR4 BLCA"
"CXCR4","HALLMARK_GLYCOLYSIS","SKCM","CXCR4 SKCM"
"CXCR4","HALLMARK_GLYCOLYSIS","UCEC","CXCR4 UCEC"
"CXCR4","HALLMARK_GLYCOLYSIS","COAD","CXCR4 COAD"
"CXCR4","HALLMARK_GLYCOLYSIS","CHOL","CXCR4 CHOL"
"CXCR4","HALLMARK_GLYCOLYSIS","KIRP","CXCR4 KIRP"
"DDIT3","HALLMARK_HYPOXIA","COAD","DDIT3 COAD"
"DDIT3","HALLMARK_HYPOXIA","SKCM","DDIT3 SKCM"
"DDIT3","HALLMARK_HYPOXIA","CESC","DDIT3 CESC"
"DDIT3","HALLMARK_HYPOXIA","LUAD","DDIT3 LUAD"
"DDIT3","HALLMARK_HYPOXIA","SARC","DDIT3 SARC"
"EGFR","HALLMARK_HYPOXIA","DLBC","EGFR DLBC"
"EGFR","HALLMARK_HYPOXIA","SKCM","EGFR SKCM"
"EGFR","HALLMARK_HYPOXIA","PANCAN","EGFR PANCAN"
"EGFR","HALLMARK_HYPOXIA","UCEC","EGFR UCEC"
"EGFR","HALLMARK_HYPOXIA","LGG","EGFR LGG"
"EGFR","HALLMARK_HYPOXIA","CESC","EGFR CESC"
"EGFR","HALLMARK_HYPOXIA","PRAD","EGFR PRAD"
"EGFR","HALLMARK_HYPOXIA","SARC","EGFR SARC"
"EGFR","HALLMARK_HYPOXIA","OV","EGFR OV"
"EGFR","HALLMARK_HYPOXIA","GBM","EGFR GBM"
"EGFR","HALLMARK_HYPOXIA","LUSC","EGFR LUSC"
"EGFR","HALLMARK_HYPOXIA","LUAD","EGFR LUAD"
"EGFR","HALLMARK_HYPOXIA","BRCA","EGFR BRCA"
"EGFR","HALLMARK_HYPOXIA","STAD","EGFR STAD"
"EGFR","HALLMARK_HYPOXIA","CHOL","EGFR CHOL"
"EGFR","HALLMARK_HYPOXIA","HNSC","EGFR HNSC"
"EGFR","HALLMARK_HYPOXIA","COAD","EGFR COAD"
"EGFR","HALLMARK_HYPOXIA","BLCA","EGFR BLCA"
"EGFR","HALLMARK_HYPOXIA","READ","EGFR READ"
"EGFR","HALLMARK_HYPOXIA","ESCA","EGFR ESCA"
"EGFR","HALLMARK_HYPOXIA","LIHC","EGFR LIHC"
"ELF3","HALLMARK_GLYCOLYSIS","PANCAN","ELF3 PANCAN"
"ELF3","HALLMARK_GLYCOLYSIS","CESC","ELF3 CESC"
"ELF3","HALLMARK_GLYCOLYSIS","LUAD","ELF3 LUAD"
"ELF3","HALLMARK_GLYCOLYSIS","STAD","ELF3 STAD"
"ELF3","HALLMARK_GLYCOLYSIS","BLCA","ELF3 BLCA"
"ELF3","HALLMARK_GLYCOLYSIS","SKCM","ELF3 SKCM"
"ELF3","HALLMARK_GLYCOLYSIS","UCEC","ELF3 UCEC"
"ELF3","HALLMARK_GLYCOLYSIS","READ","ELF3 READ"
"ELF3","HALLMARK_GLYCOLYSIS","CHOL","ELF3 CHOL"
"ELF3","HALLMARK_GLYCOLYSIS","COAD","ELF3 COAD"
"ELF3","HALLMARK_GLYCOLYSIS","PAAD","ELF3 PAAD"
"ELK4","HALLMARK_ANDROGEN_RESPONSE","READ","ELK4 READ"
"ELK4","HALLMARK_ANDROGEN_RESPONSE","SKCM","ELK4 SKCM"
"ELK4","HALLMARK_ANDROGEN_RESPONSE","COAD","ELK4 COAD"
"ELK4","HALLMARK_ANDROGEN_RESPONSE","CESC","ELK4 CESC"
"ELK4","HALLMARK_ANDROGEN_RESPONSE","UCEC","ELK4 UCEC"
"ENTPD5","HALLMARK_XENOBIOTIC_METABOLISM","PRAD","ENTPD5 PRAD"
"ENTPD5","HALLMARK_XENOBIOTIC_METABOLISM","BRCA","ENTPD5 BRCA"
"ENTPD5","HALLMARK_XENOBIOTIC_METABOLISM","LIHC","ENTPD5 LIHC"
"ENTPD5","HALLMARK_XENOBIOTIC_METABOLISM","KIRP","ENTPD5 KIRP"
"ENTPD5","HALLMARK_XENOBIOTIC_METABOLISM","COAD","ENTPD5 COAD"
"ENTPD5","HALLMARK_XENOBIOTIC_METABOLISM","KIRC","ENTPD5 KIRC"
"EPHA2","HALLMARK_XENOBIOTIC_METABOLISM","BLCA","EPHA2 BLCA"
"ERCC2","HALLMARK_REACTIVE_OXYGEN_SPECIES_PATHWAY","DLBC","ERCC2 DLBC"
"ERCC2","HALLMARK_REACTIVE_OXYGEN_SPECIES_PATHWAY","PAAD","ERCC2 PAAD"
"ERCC2","HALLMARK_REACTIVE_OXYGEN_SPECIES_PATHWAY","STAD","ERCC2 STAD"
"ERCC2","HALLMARK_REACTIVE_OXYGEN_SPECIES_PATHWAY","KIRP","ERCC2 KIRP"
"ERCC2","HALLMARK_REACTIVE_OXYGEN_SPECIES_PATHWAY","SKCM","ERCC2 SKCM"
"ERCC2","HALLMARK_REACTIVE_OXYGEN_SPECIES_PATHWAY","SARC","ERCC2 SARC"
"ERCC2","HALLMARK_REACTIVE_OXYGEN_SPECIES_PATHWAY","CHOL","ERCC2 CHOL"
"ERCC2","HALLMARK_REACTIVE_OXYGEN_SPECIES_PATHWAY","UCEC","ERCC2 UCEC"
"ERCC2","HALLMARK_REACTIVE_OXYGEN_SPECIES_PATHWAY","LIHC","ERCC2 LIHC"
"ERCC2","HALLMARK_REACTIVE_OXYGEN_SPECIES_PATHWAY","LUSC","ERCC2 LUSC"
"ERCC2","HALLMARK_REACTIVE_OXYGEN_SPECIES_PATHWAY","BLCA","ERCC2 BLCA"
"ERCC2","HALLMARK_REACTIVE_OXYGEN_SPECIES_PATHWAY","CESC","ERCC2 CESC"
"ERCC2","HALLMARK_REACTIVE_OXYGEN_SPECIES_PATHWAY","COAD","ERCC2 COAD"
"ERCC2","HALLMARK_REACTIVE_OXYGEN_SPECIES_PATHWAY","PANCAN","ERCC2 PANCAN"
"ESR1","HALLMARK_XENOBIOTIC_METABOLISM","UCEC","ESR1 UCEC"
"ESR1","HALLMARK_XENOBIOTIC_METABOLISM","COAD","ESR1 COAD"
"ESR1","HALLMARK_XENOBIOTIC_METABOLISM","LUAD","ESR1 LUAD"
"ESR1","HALLMARK_XENOBIOTIC_METABOLISM","HNSC","ESR1 HNSC"
"ESR1","HALLMARK_XENOBIOTIC_METABOLISM","BRCA","ESR1 BRCA"
"ESR1","HALLMARK_XENOBIOTIC_METABOLISM","STAD","ESR1 STAD"
"ESR1","HALLMARK_XENOBIOTIC_METABOLISM","READ","ESR1 READ"
"ESR1","HALLMARK_XENOBIOTIC_METABOLISM","ESCA","ESR1 ESCA"
"ESR1","HALLMARK_XENOBIOTIC_METABOLISM","GBM","ESR1 GBM"
"ESR1","HALLMARK_XENOBIOTIC_METABOLISM","UVM","ESR1 UVM"
"ESR1","HALLMARK_XENOBIOTIC_METABOLISM","PANCAN","ESR1 PANCAN"
"ESR1","HALLMARK_XENOBIOTIC_METABOLISM","LUSC","ESR1 LUSC"
"ESR1","HALLMARK_XENOBIOTIC_METABOLISM","BLCA","ESR1 BLCA"
"ESR1","HALLMARK_XENOBIOTIC_METABOLISM","CESC","ESR1 CESC"
"ESR1","HALLMARK_XENOBIOTIC_METABOLISM","SKCM","ESR1 SKCM"
"EXT1","HALLMARK_HYPOXIA","ESCA","EXT1 ESCA"
"EXT1","HALLMARK_HYPOXIA","STAD","EXT1 STAD"
"EXT1","HALLMARK_HYPOXIA","DLBC","EXT1 DLBC"
"EXT1","HALLMARK_HYPOXIA","COAD","EXT1 COAD"
"EXT1","HALLMARK_HYPOXIA","PANCAN","EXT1 PANCAN"
"EXT1","HALLMARK_HYPOXIA","LUAD","EXT1 LUAD"
"EXT1","HALLMARK_HYPOXIA","UCEC","EXT1 UCEC"
"EXT1","HALLMARK_HYPOXIA","BLCA","EXT1 BLCA"
"EXT1","HALLMARK_HYPOXIA","LAML","EXT1 LAML"
"EXT1","HALLMARK_HYPOXIA","LIHC","EXT1 LIHC"
"EXT1","HALLMARK_HYPOXIA","THYM","EXT1 THYM"
"EXT1","HALLMARK_HYPOXIA","LUSC","EXT1 LUSC"
"EXT1","HALLMARK_HYPOXIA","SARC","EXT1 SARC"
"EXT1","HALLMARK_HYPOXIA","SKCM","EXT1 SKCM"
"EXT2","HALLMARK_GLYCOLYSIS","BLCA","EXT2 BLCA"
"EXT2","HALLMARK_GLYCOLYSIS","MESO","EXT2 MESO"
"EXT2","HALLMARK_GLYCOLYSIS","COAD","EXT2 COAD"
"EXT2","HALLMARK_GLYCOLYSIS","PANCAN","EXT2 PANCAN"
"EXT2","HALLMARK_GLYCOLYSIS","STAD","EXT2 STAD"
"EXT2","HALLMARK_GLYCOLYSIS","ESCA","EXT2 ESCA"
"EXT2","HALLMARK_GLYCOLYSIS","LUSC","EXT2 LUSC"
"EXT2","HALLMARK_GLYCOLYSIS","SKCM","EXT2 SKCM"
"EXT2","HALLMARK_GLYCOLYSIS","LUAD","EXT2 LUAD"
"EXT2","HALLMARK_GLYCOLYSIS","UCEC","EXT2 UCEC"
"EXT2","HALLMARK_GLYCOLYSIS","READ","EXT2 READ"
"EZH1","HALLMARK_HEME_METABOLISM","LUAD","EZH1 LUAD"
"EZH1","HALLMARK_HEME_METABOLISM","BLCA","EZH1 BLCA"
"FAS","HALLMARK_XENOBIOTIC_METABOLISM","SARC","FAS SARC"
"FAS","HALLMARK_XENOBIOTIC_METABOLISM","STAD","FAS STAD"
"FAS","HALLMARK_XENOBIOTIC_METABOLISM","READ","FAS READ"
"FAS","HALLMARK_XENOBIOTIC_METABOLISM","CESC","FAS CESC"
"FAS","HALLMARK_XENOBIOTIC_METABOLISM","LUSC","FAS LUSC"
"FAS","HALLMARK_XENOBIOTIC_METABOLISM","SKCM","FAS SKCM"
"FAS","HALLMARK_XENOBIOTIC_METABOLISM","TGCT","FAS TGCT"
"FAS","HALLMARK_XENOBIOTIC_METABOLISM","NKTL","FAS NKTL"
"FAS","HALLMARK_XENOBIOTIC_METABOLISM","DLBC","FAS DLBC"
"FAS","HALLMARK_XENOBIOTIC_METABOLISM","COAD","FAS COAD"
"FAS","HALLMARK_XENOBIOTIC_METABOLISM","UCEC","FAS UCEC"
"FAS","HALLMARK_XENOBIOTIC_METABOLISM","PSCC","FAS PSCC"
"FASN","HALLMARK_CHOLESTEROL_HOMEOSTASIS","LUAD","FASN LUAD"
"FES","HALLMARK_REACTIVE_OXYGEN_SPECIES_PATHWAY","UVM","FES UVM"
"FES","HALLMARK_REACTIVE_OXYGEN_SPECIES_PATHWAY","HNSC","FES HNSC"
"FES","HALLMARK_REACTIVE_OXYGEN_SPECIES_PATHWAY","PANCAN","FES PANCAN"
"FES","HALLMARK_REACTIVE_OXYGEN_SPECIES_PATHWAY","SKCM","FES SKCM"
"FES","HALLMARK_REACTIVE_OXYGEN_SPECIES_PATHWAY","MESO","FES MESO"
"FES","HALLMARK_REACTIVE_OXYGEN_SPECIES_PATHWAY","COAD","FES COAD"
"FES","HALLMARK_REACTIVE_OXYGEN_SPECIES_PATHWAY","STAD","FES STAD"
"FES","HALLMARK_REACTIVE_OXYGEN_SPECIES_PATHWAY","ESCA","FES ESCA"
"FES","HALLMARK_REACTIVE_OXYGEN_SPECIES_PATHWAY","OV","FES OV"
"FES","HALLMARK_REACTIVE_OXYGEN_SPECIES_PATHWAY","BLCA","FES BLCA"
"FES","HALLMARK_REACTIVE_OXYGEN_SPECIES_PATHWAY","LUSC","FES LUSC"
"FES","HALLMARK_REACTIVE_OXYGEN_SPECIES_PATHWAY","UCEC","FES UCEC"
"FH","HALLMARK_OXIDATIVE_PHOSPHORYLATION","READ","FH READ"
"FH","HALLMARK_OXIDATIVE_PHOSPHORYLATION","STAD","FH STAD"
"FH","HALLMARK_OXIDATIVE_PHOSPHORYLATION","BLCA","FH BLCA"
"FH","HALLMARK_OXIDATIVE_PHOSPHORYLATION","SARC","FH SARC"
"FH","HALLMARK_OXIDATIVE_PHOSPHORYLATION","COAD","FH COAD"
"FH","HALLMARK_OXIDATIVE_PHOSPHORYLATION","LUAD","FH LUAD"
"FH","HALLMARK_OXIDATIVE_PHOSPHORYLATION","KIRC","FH KIRC"
"FH","HALLMARK_OXIDATIVE_PHOSPHORYLATION","PAAD","FH PAAD"
"FH","HALLMARK_OXIDATIVE_PHOSPHORYLATION","SKCM","FH SKCM"
"FH","HALLMARK_OXIDATIVE_PHOSPHORYLATION","UCEC","FH UCEC"
"FH","HALLMARK_OXIDATIVE_PHOSPHORYLATION","LUSC","FH LUSC"
"FOS","HALLMARK_HYPOXIA","LUSC","FOS LUSC"
"FOS","HALLMARK_HYPOXIA","KIRC","FOS KIRC"
"FOS","HALLMARK_HYPOXIA","KIRP","FOS KIRP"
"FOS","HALLMARK_HYPOXIA","THCA","FOS THCA"
"FOS","HALLMARK_HYPOXIA","PRAD","FOS PRAD"
"FOS","HALLMARK_HYPOXIA","LIHC","FOS LIHC"
"FOXO3","HALLMARK_HEME_METABOLISM","CESC","FOXO3 CESC"
"FOXO3","HALLMARK_HEME_METABOLISM","UVM","FOXO3 UVM"
"FOXO3","HALLMARK_HEME_METABOLISM","COAD","FOXO3 COAD"
"FOXO3","HALLMARK_HEME_METABOLISM","READ","FOXO3 READ"
"FOXO3","HALLMARK_HEME_METABOLISM","UCEC","FOXO3 UCEC"
"FOXO3","HALLMARK_HEME_METABOLISM","STAD","FOXO3 STAD"
"FOXO3","HALLMARK_HEME_METABOLISM","LUAD","FOXO3 LUAD"
"FOXO3","HALLMARK_HEME_METABOLISM","ESCA","FOXO3 ESCA"
"FOXO3","HALLMARK_HEME_METABOLISM","SKCM","FOXO3 SKCM"
"GATA1","HALLMARK_HEME_METABOLISM","KICH","GATA1 KICH"
"GATA1","HALLMARK_HEME_METABOLISM","COAD","GATA1 COAD"
"GATA1","HALLMARK_HEME_METABOLISM","STAD","GATA1 STAD"
"GATA1","HALLMARK_HEME_METABOLISM","UCS","GATA1 UCS"
"GATA1","HALLMARK_HEME_METABOLISM","LUSC","GATA1 LUSC"
"GATA1","HALLMARK_HEME_METABOLISM","SKCM","GATA1 SKCM"
"GATA1","HALLMARK_HEME_METABOLISM","UCEC","GATA1 UCEC"
"GATA1","HALLMARK_HEME_METABOLISM","BLCA","GATA1 BLCA"
"GATA1","HALLMARK_HEME_METABOLISM","LUAD","GATA1 LUAD"
"GATA1","HALLMARK_HEME_METABOLISM","SARC","GATA1 SARC"
"GATA1","HALLMARK_HEME_METABOLISM","ESCA","GATA1 ESCA"
"GMPS","HALLMARK_HEME_METABOLISM","ESCA","GMPS ESCA"
"GMPS","HALLMARK_HEME_METABOLISM","LUAD","GMPS LUAD"
"GMPS","HALLMARK_HEME_METABOLISM","PANCAN","GMPS PANCAN"
"GMPS","HALLMARK_HEME_METABOLISM","CESC","GMPS CESC"
"GMPS","HALLMARK_HEME_METABOLISM","READ","GMPS READ"
"GMPS","HALLMARK_HEME_METABOLISM","COAD","GMPS COAD"
"GMPS","HALLMARK_HEME_METABOLISM","HNSC","GMPS HNSC"
"GMPS","HALLMARK_HEME_METABOLISM","BLCA","GMPS BLCA"
"GMPS","HALLMARK_HEME_METABOLISM","STAD","GMPS STAD"
"GMPS","HALLMARK_HEME_METABOLISM","UCEC","GMPS UCEC"
"GMPS","HALLMARK_HEME_METABOLISM","SKCM","GMPS SKCM"
"GMPS","HALLMARK_HEME_METABOLISM","LUSC","GMPS LUSC"
"GMPS","HALLMARK_HEME_METABOLISM","UCS","GMPS UCS"
"GPC3","HALLMARK_GLYCOLYSIS","PANCAN","GPC3 PANCAN"
"GPC3","HALLMARK_GLYCOLYSIS","COAD","GPC3 COAD"
"GPC3","HALLMARK_GLYCOLYSIS","HNSC","GPC3 HNSC"
"GPC3","HALLMARK_GLYCOLYSIS","LUSC","GPC3 LUSC"
"GPC3","HALLMARK_GLYCOLYSIS","WT","GPC3 WT"
"GPC3","HALLMARK_GLYCOLYSIS","SARC","GPC3 SARC"
"GPC3","HALLMARK_GLYCOLYSIS","UCS","GPC3 UCS"
"GPC3","HALLMARK_GLYCOLYSIS","SKCM","GPC3 SKCM"
"GPC3","HALLMARK_GLYCOLYSIS","UCEC","GPC3 UCEC"
"GPC3","HALLMARK_GLYCOLYSIS","READ","GPC3 READ"
"GPC3","HALLMARK_GLYCOLYSIS","LUAD","GPC3 LUAD"
"GPC3","HALLMARK_GLYCOLYSIS","CESC","GPC3 CESC"
"GPHN","HALLMARK_ADIPOGENESIS","KIRP","GPHN KIRP"
"GPHN","HALLMARK_ADIPOGENESIS","SKCM","GPHN SKCM"
"GPHN","HALLMARK_ADIPOGENESIS","STAD","GPHN STAD"
"GPHN","HALLMARK_ADIPOGENESIS","LIHC","GPHN LIHC"
"GPHN","HALLMARK_ADIPOGENESIS","PANCAN","GPHN PANCAN"
"GPHN","HALLMARK_ADIPOGENESIS","BLCA","GPHN BLCA"
"GPHN","HALLMARK_ADIPOGENESIS","CHOL","GPHN CHOL"
"GPHN","HALLMARK_ADIPOGENESIS","SARC","GPHN SARC"
"GPHN","HALLMARK_ADIPOGENESIS","LUAD","GPHN LUAD"
"GPHN","HALLMARK_ADIPOGENESIS","LUSC","GPHN LUSC"
"GPHN","HALLMARK_ADIPOGENESIS","COAD","GPHN COAD"
"GPHN","HALLMARK_ADIPOGENESIS","DLBC","GPHN DLBC"
"GPHN","HALLMARK_ADIPOGENESIS","READ","GPHN READ"
"GPHN","HALLMARK_ADIPOGENESIS","UCEC","GPHN UCEC"
"HAS1","HALLMARK_HYPOXIA","HNSC","HAS1 HNSC"
"HAS1","HALLMARK_HYPOXIA","LUAD","HAS1 LUAD"
"HAS1","HALLMARK_HYPOXIA","LIHC","HAS1 LIHC"
"HAS1","HALLMARK_HYPOXIA","THCA","HAS1 THCA"
"HAS1","HALLMARK_HYPOXIA","STAD","HAS1 STAD"
"HAS1","HALLMARK_HYPOXIA","KICH","HAS1 KICH"
"HAS1","HALLMARK_HYPOXIA","BRCA","HAS1 BRCA"
"HAS1","HALLMARK_HYPOXIA","KIRC","HAS1 KIRC"
"HAS1","HALLMARK_HYPOXIA","LUSC","HAS1 LUSC"
"HAS1","HALLMARK_HYPOXIA","BLCA","HAS1 BLCA"
"HES6","HALLMARK_XENOBIOTIC_METABOLISM","THCA","HES6 THCA"
"HES6","HALLMARK_XENOBIOTIC_METABOLISM","COAD","HES6 COAD"
"HES6","HALLMARK_XENOBIOTIC_METABOLISM","UCEC","HES6 UCEC"
"HES6","HALLMARK_XENOBIOTIC_METABOLISM","BRCA","HES6 BRCA"
"HES6","HALLMARK_XENOBIOTIC_METABOLISM","LUAD","HES6 LUAD"
"HHEX","HALLMARK_REACTIVE_OXYGEN_SPECIES_PATHWAY","STAD","HHEX STAD"
"HHEX","HALLMARK_REACTIVE_OXYGEN_SPECIES_PATHWAY","HNSC","HHEX HNSC"
"HNF4A","HALLMARK_XENOBIOTIC_METABOLISM","BLCA","HNF4A BLCA"
"HSP90AA1","HALLMARK_FATTY_ACID_METABOLISM","LAML","HSP90AA1 LAML"
"HSP90AA1","HALLMARK_FATTY_ACID_METABOLISM","PCPCG","HSP90AA1 PCPCG"
"HSP90AA1","HALLMARK_FATTY_ACID_METABOLISM","LUSC","HSP90AA1 LUSC"
"HSP90AA1","HALLMARK_FATTY_ACID_METABOLISM","STAD","HSP90AA1 STAD"
"HSP90AA1","HALLMARK_FATTY_ACID_METABOLISM","LUAD","HSP90AA1 LUAD"
"HSP90AA1","HALLMARK_FATTY_ACID_METABOLISM","SKCM","HSP90AA1 SKCM"
"HSP90AA1","HALLMARK_FATTY_ACID_METABOLISM","HNSC","HSP90AA1 HNSC"
"HSP90AA1","HALLMARK_FATTY_ACID_METABOLISM","UCEC","HSP90AA1 UCEC"
"HSP90AA1","HALLMARK_FATTY_ACID_METABOLISM","LIHC","HSP90AA1 LIHC"
"HSP90AA1","HALLMARK_FATTY_ACID_METABOLISM","ESCA","HSP90AA1 ESCA"
"HSP90AA1","HALLMARK_FATTY_ACID_METABOLISM","BLCA","HSP90AA1 BLCA"
"HSP90AA1","HALLMARK_FATTY_ACID_METABOLISM","KIRP","HSP90AA1 KIRP"
"HSP90AA1","HALLMARK_FATTY_ACID_METABOLISM","KIRC","HSP90AA1 KIRC"
"HSP90AA1","HALLMARK_FATTY_ACID_METABOLISM","SARC","HSP90AA1 SARC"
"HSP90AA1","HALLMARK_FATTY_ACID_METABOLISM","DLBC","HSP90AA1 DLBC"
"HSP90AA1","HALLMARK_FATTY_ACID_METABOLISM","PAAD","HSP90AA1 PAAD"
"HSP90AA1","HALLMARK_FATTY_ACID_METABOLISM","READ","HSP90AA1 READ"
"HSP90AA1","HALLMARK_FATTY_ACID_METABOLISM","PANCAN","HSP90AA1 PANCAN"
"HSP90AA1","HALLMARK_FATTY_ACID_METABOLISM","OS","HSP90AA1 OS"
"HSP90AA1","HALLMARK_FATTY_ACID_METABOLISM","COAD","HSP90AA1 COAD"
"HSP90AA1","HALLMARK_FATTY_ACID_METABOLISM","CESC","HSP90AA1 CESC"
"IDH1","HALLMARK_BILE_ACID_METABOLISM","COAD","IDH1 COAD"
"IDH1","HALLMARK_BILE_ACID_METABOLISM","UCEC","IDH1 UCEC"
"IDH1","HALLMARK_BILE_ACID_METABOLISM","CHOL","IDH1 CHOL"
"IDH1","HALLMARK_BILE_ACID_METABOLISM","SKCM","IDH1 SKCM"
"IDH1","HALLMARK_BILE_ACID_METABOLISM","PRAD","IDH1 PRAD"
"IDH1","HALLMARK_BILE_ACID_METABOLISM","BLCA","IDH1 BLCA"
"IDH1","HALLMARK_BILE_ACID_METABOLISM","PANCAN","IDH1 PANCAN"
"IDH1","HALLMARK_BILE_ACID_METABOLISM","LAML","IDH1 LAML"
"IDH1","HALLMARK_BILE_ACID_METABOLISM","LIHC","IDH1 LIHC"
"IDH1","HALLMARK_BILE_ACID_METABOLISM","LGG","IDH1 LGG"
"IDH1","HALLMARK_BILE_ACID_METABOLISM","THYM","IDH1 THYM"
"IDH1","HALLMARK_BILE_ACID_METABOLISM","GBM","IDH1 GBM"
"IDH2","HALLMARK_OXIDATIVE_PHOSPHORYLATION","UCS","IDH2 UCS"
"IDH2","HALLMARK_OXIDATIVE_PHOSPHORYLATION","UCEC","IDH2 UCEC"
"IDH2","HALLMARK_OXIDATIVE_PHOSPHORYLATION","CHOL","IDH2 CHOL"
"IDH2","HALLMARK_OXIDATIVE_PHOSPHORYLATION","LGG","IDH2 LGG"
"IDH2","HALLMARK_OXIDATIVE_PHOSPHORYLATION","LAML","IDH2 LAML"
"IDH2","HALLMARK_OXIDATIVE_PHOSPHORYLATION","COAD","IDH2 COAD"
"IDH2","HALLMARK_OXIDATIVE_PHOSPHORYLATION","SARC","IDH2 SARC"
"IDH2","HALLMARK_OXIDATIVE_PHOSPHORYLATION","PANCAN","IDH2 PANCAN"
"IDH2","HALLMARK_OXIDATIVE_PHOSPHORYLATION","READ","IDH2 READ"
"IDH2","HALLMARK_OXIDATIVE_PHOSPHORYLATION","WT","IDH2 WT"
"IGF1","HALLMARK_XENOBIOTIC_METABOLISM","LUSC","IGF1 LUSC"
"IGF1","HALLMARK_XENOBIOTIC_METABOLISM","BRCA","IGF1 BRCA"
"IGF1","HALLMARK_XENOBIOTIC_METABOLISM","KIRC","IGF1 KIRC"
"IGF1","HALLMARK_XENOBIOTIC_METABOLISM","KIRP","IGF1 KIRP"
"IGF1","HALLMARK_XENOBIOTIC_METABOLISM","PRAD","IGF1 PRAD"
"IGF1","HALLMARK_XENOBIOTIC_METABOLISM","KICH","IGF1 KICH"
"IGF1","HALLMARK_XENOBIOTIC_METABOLISM","LIHC","IGF1 LIHC"
"IGF1","HALLMARK_XENOBIOTIC_METABOLISM","HNSC","IGF1 HNSC"
"IGF1","HALLMARK_XENOBIOTIC_METABOLISM","LUAD","IGF1 LUAD"
"IGF1","HALLMARK_XENOBIOTIC_METABOLISM","UCEC","IGF1 UCEC"
"IGF1","HALLMARK_XENOBIOTIC_METABOLISM","THCA","IGF1 THCA"
"ITGAV","HALLMARK_ANDROGEN_RESPONSE","PANCAN","ITGAV PANCAN"
"ITGAV","HALLMARK_ANDROGEN_RESPONSE","READ","ITGAV READ"
"ITGAV","HALLMARK_ANDROGEN_RESPONSE","BRCA","ITGAV BRCA"
"ITGAV","HALLMARK_ANDROGEN_RESPONSE","STAD","ITGAV STAD"
"ITGAV","HALLMARK_ANDROGEN_RESPONSE","SKCM","ITGAV SKCM"
"ITGAV","HALLMARK_ANDROGEN_RESPONSE","DLBC","ITGAV DLBC"
"ITGAV","HALLMARK_ANDROGEN_RESPONSE","BLCA","ITGAV BLCA"
"ITGAV","HALLMARK_ANDROGEN_RESPONSE","LUAD","ITGAV LUAD"
"ITGAV","HALLMARK_ANDROGEN_RESPONSE","CESC","ITGAV CESC"
"ITGAV","HALLMARK_ANDROGEN_RESPONSE","COAD","ITGAV COAD"
"ITGAV","HALLMARK_ANDROGEN_RESPONSE","UCEC","ITGAV UCEC"
"ITGAV","HALLMARK_ANDROGEN_RESPONSE","LUSC","ITGAV LUSC"
"ITGAV","HALLMARK_ANDROGEN_RESPONSE","UCS","ITGAV UCS"
"ITGAV","HALLMARK_ANDROGEN_RESPONSE","ESCA","ITGAV ESCA"
"ITGAV","HALLMARK_ANDROGEN_RESPONSE","OS","ITGAV OS"
"JAG1","HALLMARK_CHOLESTEROL_HOMEOSTASIS","BLCA","JAG1 BLCA"
"JUN","HALLMARK_HYPOXIA","STAD","JUN STAD"
"JUN","HALLMARK_HYPOXIA","LUSC","JUN LUSC"
"JUN","HALLMARK_HYPOXIA","BLCA","JUN BLCA"
"JUN","HALLMARK_HYPOXIA","UCEC","JUN UCEC"
"JUN","HALLMARK_HYPOXIA","MESO","JUN MESO"
"JUN","HALLMARK_HYPOXIA","LIHC","JUN LIHC"
"JUN","HALLMARK_HYPOXIA","PRAD","JUN PRAD"
"JUNB","HALLMARK_REACTIVE_OXYGEN_SPECIES_PATHWAY","LIHC","JUNB LIHC"
"JUNB","HALLMARK_REACTIVE_OXYGEN_SPECIES_PATHWAY","PRAD","JUNB PRAD"
"KEL","HALLMARK_HEME_METABOLISM","LUAD","KEL LUAD"
"KLF1","HALLMARK_BILE_ACID_METABOLISM","UCEC","KLF1 UCEC"
"KLF1","HALLMARK_BILE_ACID_METABOLISM","BRCA","KLF1 BRCA"
"KLF1","HALLMARK_BILE_ACID_METABOLISM","LUAD","KLF1 LUAD"
"KLF1","HALLMARK_BILE_ACID_METABOLISM","THCA","KLF1 THCA"
"KLF1","HALLMARK_BILE_ACID_METABOLISM","LUSC","KLF1 LUSC"
"KLF1","HALLMARK_BILE_ACID_METABOLISM","HNSC","KLF1 HNSC"
"KLF6","HALLMARK_HYPOXIA","STAD","KLF6 STAD"
"KLF6","HALLMARK_HYPOXIA","CESC","KLF6 CESC"
"KLF6","HALLMARK_HYPOXIA","PANCAN","KLF6 PANCAN"
"KLF6","HALLMARK_HYPOXIA","BLCA","KLF6 BLCA"
"KLF6","HALLMARK_HYPOXIA","KIRP","KLF6 KIRP"
"KLF6","HALLMARK_HYPOXIA","THCA","KLF6 THCA"
"KLF6","HALLMARK_HYPOXIA","LAML","KLF6 LAML"
"KLF6","HALLMARK_HYPOXIA","SARC","KLF6 SARC"
"KLF6","HALLMARK_HYPOXIA","UCEC","KLF6 UCEC"
"KLF6","HALLMARK_HYPOXIA","UCS","KLF6 UCS"
"KLF6","HALLMARK_HYPOXIA","SKCM","KLF6 SKCM"
"KLF6","HALLMARK_HYPOXIA","READ","KLF6 READ"
"KLK2","HALLMARK_ANDROGEN_RESPONSE","UCS","KLK2 UCS"
"KLK2","HALLMARK_ANDROGEN_RESPONSE","SARC","KLK2 SARC"
"KLK2","HALLMARK_ANDROGEN_RESPONSE","LUSC","KLK2 LUSC"
"KLK2","HALLMARK_ANDROGEN_RESPONSE","LUAD","KLK2 LUAD"
"KLK2","HALLMARK_ANDROGEN_RESPONSE","UCEC","KLK2 UCEC"
"KLK2","HALLMARK_ANDROGEN_RESPONSE","ESCA","KLK2 ESCA"
"KLK2","HALLMARK_ANDROGEN_RESPONSE","SKCM","KLK2 SKCM"
"LAMA4","HALLMARK_ADIPOGENESIS","PRAD","LAMA4 PRAD"
"LCK","HALLMARK_BILE_ACID_METABOLISM","BLCA","LCK BLCA"
"LCK","HALLMARK_BILE_ACID_METABOLISM","SARC","LCK SARC"
"LCK","HALLMARK_BILE_ACID_METABOLISM","LIHC","LCK LIHC"
"LCK","HALLMARK_BILE_ACID_METABOLISM","KIRC","LCK KIRC"
"LCK","HALLMARK_BILE_ACID_METABOLISM","SKCM","LCK SKCM"
"LCK","HALLMARK_BILE_ACID_METABOLISM","PANCAN","LCK PANCAN"
"LCK","HALLMARK_BILE_ACID_METABOLISM","LUSC","LCK LUSC"
"LCK","HALLMARK_BILE_ACID_METABOLISM","CESC","LCK CESC"
"LCK","HALLMARK_BILE_ACID_METABOLISM","BRCA","LCK BRCA"
"LCK","HALLMARK_BILE_ACID_METABOLISM","READ","LCK READ"
"LCK","HALLMARK_BILE_ACID_METABOLISM","COAD","LCK COAD"
"LCK","HALLMARK_BILE_ACID_METABOLISM","UCEC","LCK UCEC"
"LCK","HALLMARK_BILE_ACID_METABOLISM","LUAD","LCK LUAD"
"LCK","HALLMARK_BILE_ACID_METABOLISM","STAD","LCK STAD"
"LDHB","HALLMARK_OXIDATIVE_PHOSPHORYLATION","PRAD","LDHB PRAD"
"LDHB","HALLMARK_OXIDATIVE_PHOSPHORYLATION","STAD","LDHB STAD"
"LIFR","HALLMARK_ADIPOGENESIS","READ","LIFR READ"
"LIFR","HALLMARK_ADIPOGENESIS","THYM","LIFR THYM"
"LIFR","HALLMARK_ADIPOGENESIS","LUAD","LIFR LUAD"
"LIFR","HALLMARK_ADIPOGENESIS","PANCAN","LIFR PANCAN"
"LIFR","HALLMARK_ADIPOGENESIS","HNSC","LIFR HNSC"
"LIFR","HALLMARK_ADIPOGENESIS","UCEC","LIFR UCEC"
"LIFR","HALLMARK_ADIPOGENESIS","STAD","LIFR STAD"
"LIFR","HALLMARK_ADIPOGENESIS","UVM","LIFR UVM"
"LIFR","HALLMARK_ADIPOGENESIS","COAD","LIFR COAD"
"LIFR","HALLMARK_ADIPOGENESIS","BLCA","LIFR BLCA"
"LIFR","HALLMARK_ADIPOGENESIS","BRCA","LIFR BRCA"
"LIFR","HALLMARK_ADIPOGENESIS","LUSC","LIFR LUSC"
"LIFR","HALLMARK_ADIPOGENESIS","CESC","LIFR CESC"
"LIFR","HALLMARK_ADIPOGENESIS","KICH","LIFR KICH"
"LIFR","HALLMARK_ADIPOGENESIS","SKCM","LIFR SKCM"
"LMO2","HALLMARK_HEME_METABOLISM","STAD","LMO2 STAD"
"LMO2","HALLMARK_HEME_METABOLISM","READ","LMO2 READ"
"LMO2","HALLMARK_HEME_METABOLISM","SKCM","LMO2 SKCM"
"LMO2","HALLMARK_HEME_METABOLISM","UCEC","LMO2 UCEC"
"MAF","HALLMARK_ANDROGEN_RESPONSE","READ","MAF READ"
"MAF","HALLMARK_ANDROGEN_RESPONSE","KIRC","MAF KIRC"
"MAF","HALLMARK_ANDROGEN_RESPONSE","KIRP","MAF KIRP"
"MAF","HALLMARK_ANDROGEN_RESPONSE","DLBC","MAF DLBC"
"MAF","HALLMARK_ANDROGEN_RESPONSE","COAD","MAF COAD"
"MAF","HALLMARK_ANDROGEN_RESPONSE","UCEC","MAF UCEC"
"MAF","HALLMARK_ANDROGEN_RESPONSE","MESO","MAF MESO"
"MAF","HALLMARK_ANDROGEN_RESPONSE","STAD","MAF STAD"
"MAP3K1","HALLMARK_HYPOXIA","CESC","MAP3K1 CESC"
"MAP3K1","HALLMARK_HYPOXIA","BLCA","MAP3K1 BLCA"
"MAP3K1","HALLMARK_HYPOXIA","HNSC","MAP3K1 HNSC"
"MAP3K1","HALLMARK_HYPOXIA","BRCA","MAP3K1 BRCA"
"MAP3K1","HALLMARK_HYPOXIA","LIHC","MAP3K1 LIHC"
"MAP3K1","HALLMARK_HYPOXIA","OS","MAP3K1 OS"
"MAP3K1","HALLMARK_HYPOXIA","CHOL","MAP3K1 CHOL"
"MAP3K1","HALLMARK_HYPOXIA","SKCM","MAP3K1 SKCM"
"MAP3K1","HALLMARK_HYPOXIA","READ","MAP3K1 READ"
"MAP3K1","HALLMARK_HYPOXIA","PANCAN","MAP3K1 PANCAN"
"MAP3K1","HALLMARK_HYPOXIA","OV","MAP3K1 OV"
"MAP3K1","HALLMARK_HYPOXIA","UCEC","MAP3K1 UCEC"
"MAP3K1","HALLMARK_HYPOXIA","LUAD","MAP3K1 LUAD"
"MAP3K1","HALLMARK_HYPOXIA","KIRP","MAP3K1 KIRP"
"MAP3K1","HALLMARK_HYPOXIA","UCS","MAP3K1 UCS"
"MAP3K1","HALLMARK_HYPOXIA","KIRC","MAP3K1 KIRC"
"MAP3K1","HALLMARK_HYPOXIA","ESCA","MAP3K1 ESCA"
"MAP3K1","HALLMARK_HYPOXIA","COAD","MAP3K1 COAD"
"MAP3K1","HALLMARK_HYPOXIA","LUSC","MAP3K1 LUSC"
"MAP3K1","HALLMARK_HYPOXIA","STAD","MAP3K1 STAD"
"MAP3K1","HALLMARK_HYPOXIA","THYM","MAP3K1 THYM"
"MAP3K1","HALLMARK_HYPOXIA","GBM","MAP3K1 GBM"
"MAP4K3","HALLMARK_ADIPOGENESIS","BLCA","MAP4K3 BLCA"
"MET","HALLMARK_GLYCOLYSIS","KIRC","MET KIRC"
"MET","HALLMARK_GLYCOLYSIS","HNSC","MET HNSC"
"MET","HALLMARK_GLYCOLYSIS","ESCA","MET ESCA"
"MET","HALLMARK_GLYCOLYSIS","LUAD","MET LUAD"
"MET","HALLMARK_GLYCOLYSIS","UCS","MET UCS"
"MET","HALLMARK_GLYCOLYSIS","CESC","MET CESC"
"MET","HALLMARK_GLYCOLYSIS","OS","MET OS"
"MET","HALLMARK_GLYCOLYSIS","UCEC","MET UCEC"
"MET","HALLMARK_GLYCOLYSIS","BRCA","MET BRCA"
"MET","HALLMARK_GLYCOLYSIS","READ","MET READ"
"MET","HALLMARK_GLYCOLYSIS","BLCA","MET BLCA"
"MET","HALLMARK_GLYCOLYSIS","THCA","MET THCA"
"MET","HALLMARK_GLYCOLYSIS","GBM","MET GBM"
"MET","HALLMARK_GLYCOLYSIS","PRAD","MET PRAD"
"MET","HALLMARK_GLYCOLYSIS","KIRP","MET KIRP"
"MET","HALLMARK_GLYCOLYSIS","STAD","MET STAD"
"MET","HALLMARK_GLYCOLYSIS","DLBC","MET DLBC"
"MET","HALLMARK_GLYCOLYSIS","PANCAN","MET PANCAN"
"MET","HALLMARK_GLYCOLYSIS","SKCM","MET SKCM"
"MET","HALLMARK_GLYCOLYSIS","COAD","MET COAD"
"MET","HALLMARK_GLYCOLYSIS","SARC","MET SARC"
"MET","HALLMARK_GLYCOLYSIS","LUSC","MET LUSC"
"MYH9","HALLMARK_HYPOXIA","READ","MYH9 READ"
"MYH9","HALLMARK_HYPOXIA","ESCA","MYH9 ESCA"
"MYH9","HALLMARK_HYPOXIA","PRAD","MYH9 PRAD"
"MYH9","HALLMARK_HYPOXIA","MESO","MYH9 MESO"
"MYH9","HALLMARK_HYPOXIA","UCEC","MYH9 UCEC"
"MYH9","HALLMARK_HYPOXIA","CESC","MYH9 CESC"
"MYH9","HALLMARK_HYPOXIA","KIRP","MYH9 KIRP"
"MYH9","HALLMARK_HYPOXIA","SKCM","MYH9 SKCM"
"MYH9","HALLMARK_HYPOXIA","OS","MYH9 OS"
"MYH9","HALLMARK_HYPOXIA","LUAD","MYH9 LUAD"
"MYH9","HALLMARK_HYPOXIA","PANCAN","MYH9 PANCAN"
"MYH9","HALLMARK_HYPOXIA","HNSC","MYH9 HNSC"
"MYH9","HALLMARK_HYPOXIA","CHOL","MYH9 CHOL"
"MYH9","HALLMARK_HYPOXIA","THYM","MYH9 THYM"
"MYH9","HALLMARK_HYPOXIA","LIHC","MYH9 LIHC"
"MYH9","HALLMARK_HYPOXIA","COAD","MYH9 COAD"
"MYH9","HALLMARK_HYPOXIA","KICH","MYH9 KICH"
"MYH9","HALLMARK_HYPOXIA","BLCA","MYH9 BLCA"
"MYH9","HALLMARK_HYPOXIA","LUSC","MYH9 LUSC"
"MYH9","HALLMARK_HYPOXIA","SARC","MYH9 SARC"
"MYH9","HALLMARK_HYPOXIA","GBM","MYH9 GBM"
"MYH9","HALLMARK_HYPOXIA","STAD","MYH9 STAD"
"MYH9","HALLMARK_HYPOXIA","UCS","MYH9 UCS"
"MYH9","HALLMARK_HYPOXIA","BRCA","MYH9 BRCA"
"MYH9","HALLMARK_HYPOXIA","OV","MYH9 OV"
"NBN","HALLMARK_FATTY_ACID_METABOLISM","SKCM","NBN SKCM"
"NBN","HALLMARK_FATTY_ACID_METABOLISM","SARC","NBN SARC"
"NBN","HALLMARK_FATTY_ACID_METABOLISM","LUAD","NBN LUAD"
"NBN","HALLMARK_FATTY_ACID_METABOLISM","BLCA","NBN BLCA"
"NBN","HALLMARK_FATTY_ACID_METABOLISM","UVM","NBN UVM"
"NBN","HALLMARK_FATTY_ACID_METABOLISM","COAD","NBN COAD"
"NBN","HALLMARK_FATTY_ACID_METABOLISM","UCEC","NBN UCEC"
"NBN","HALLMARK_FATTY_ACID_METABOLISM","LUSC","NBN LUSC"
"NBN","HALLMARK_FATTY_ACID_METABOLISM","STAD","NBN STAD"
"NBN","HALLMARK_FATTY_ACID_METABOLISM","CESC","NBN CESC"
"NBN","HALLMARK_FATTY_ACID_METABOLISM","READ","NBN READ"
"NBN","HALLMARK_FATTY_ACID_METABOLISM","GBM","NBN GBM"
"NBN","HALLMARK_FATTY_ACID_METABOLISM","PBCA","NBN PBCA"
"NBN","HALLMARK_FATTY_ACID_METABOLISM","ESCA","NBN ESCA"
"NBN","HALLMARK_FATTY_ACID_METABOLISM","UCS","NBN UCS"
"NBN","HALLMARK_FATTY_ACID_METABOLISM","NHL","NBN NHL"
"NBN","HALLMARK_FATTY_ACID_METABOLISM","KIRP","NBN KIRP"
"NBN","HALLMARK_FATTY_ACID_METABOLISM","PANCAN","NBN PANCAN"
"NCOA4","HALLMARK_HEME_METABOLISM","LUAD","NCOA4 LUAD"
"NCOA4","HALLMARK_HEME_METABOLISM","ESCA","NCOA4 ESCA"
"NCOA4","HALLMARK_HEME_METABOLISM","KIRP","NCOA4 KIRP"
"NCOA4","HALLMARK_HEME_METABOLISM","KIRC","NCOA4 KIRC"
"NCOA4","HALLMARK_HEME_METABOLISM","BLCA","NCOA4 BLCA"
"NCOA4","HALLMARK_HEME_METABOLISM","UCEC","NCOA4 UCEC"
"NCOA4","HALLMARK_HEME_METABOLISM","COAD","NCOA4 COAD"
"NCOA4","HALLMARK_HEME_METABOLISM","SKCM","NCOA4 SKCM"
"NCOA4","HALLMARK_HEME_METABOLISM","STAD","NCOA4 STAD"
"NCOA4","HALLMARK_HEME_METABOLISM","HNSC","NCOA4 HNSC"
"NDRG1","HALLMARK_HYPOXIA","COAD","NDRG1 COAD"
"NDRG1","HALLMARK_HYPOXIA","LUSC","NDRG1 LUSC"
"NDRG1","HALLMARK_HYPOXIA","UCEC","NDRG1 UCEC"
"NDRG1","HALLMARK_HYPOXIA","STAD","NDRG1 STAD"
"NDRG1","HALLMARK_HYPOXIA","SKCM","NDRG1 SKCM"
"NEDD4","HALLMARK_BILE_ACID_METABOLISM","LUAD","NEDD4 LUAD"
"NEDD4","HALLMARK_BILE_ACID_METABOLISM","BLCA","NEDD4 BLCA"
"NR3C1","HALLMARK_HYPOXIA","BLCA","NR3C1 BLCA"
"NTHL1","HALLMARK_FATTY_ACID_METABOLISM","LUAD","NTHL1 LUAD"
"NTHL1","HALLMARK_FATTY_ACID_METABOLISM","STAD","NTHL1 STAD"
"NTHL1","HALLMARK_FATTY_ACID_METABOLISM","UCEC","NTHL1 UCEC"
"NTHL1","HALLMARK_FATTY_ACID_METABOLISM","DLBC","NTHL1 DLBC"
"OMD","HALLMARK_ADIPOGENESIS","UCEC","OMD UCEC"
"OMD","HALLMARK_ADIPOGENESIS","LUSC","OMD LUSC"
"OMD","HALLMARK_ADIPOGENESIS","COAD","OMD COAD"
"OMD","HALLMARK_ADIPOGENESIS","STAD","OMD STAD"
"OMD","HALLMARK_ADIPOGENESIS","READ","OMD READ"
"PDGFB","HALLMARK_HYPOXIA","STAD","PDGFB STAD"
"PDGFB","HALLMARK_HYPOXIA","THYM","PDGFB THYM"
"PDGFB","HALLMARK_HYPOXIA","UCEC","PDGFB UCEC"
"PDGFB","HALLMARK_HYPOXIA","READ","PDGFB READ"
"PDGFB","HALLMARK_HYPOXIA","DLBC","PDGFB DLBC"
"PDGFB","HALLMARK_HYPOXIA","BLCA","PDGFB BLCA"
"PDGFB","HALLMARK_HYPOXIA","LUAD","PDGFB LUAD"
"PDGFB","HALLMARK_HYPOXIA","LUSC","PDGFB LUSC"
"PDGFB","HALLMARK_HYPOXIA","SKCM","PDGFB SKCM"
"PDZK1IP1","HALLMARK_HEME_METABOLISM","LIHC","PDZK1IP1 LIHC"
"PDZK1IP1","HALLMARK_HEME_METABOLISM","KICH","PDZK1IP1 KICH"
"PDZK1IP1","HALLMARK_HEME_METABOLISM","LUSC","PDZK1IP1 LUSC"
"PDZK1IP1","HALLMARK_HEME_METABOLISM","HNSC","PDZK1IP1 HNSC"
"PDZK1IP1","HALLMARK_HEME_METABOLISM","PAAD","PDZK1IP1 PAAD"
"PDZK1IP1","HALLMARK_HEME_METABOLISM","BLCA","PDZK1IP1 BLCA"
"PDZK1IP1","HALLMARK_HEME_METABOLISM","STAD","PDZK1IP1 STAD"
"PDZK1IP1","HALLMARK_HEME_METABOLISM","CESC","PDZK1IP1 CESC"
"PDZK1IP1","HALLMARK_HEME_METABOLISM","PRAD","PDZK1IP1 PRAD"
"PDZK1IP1","HALLMARK_HEME_METABOLISM","THCA","PDZK1IP1 THCA"
"PDZK1IP1","HALLMARK_HEME_METABOLISM","UCEC","PDZK1IP1 UCEC"
"PDZK1IP1","HALLMARK_HEME_METABOLISM","KIRC","PDZK1IP1 KIRC"
"PDZK1IP1","HALLMARK_HEME_METABOLISM","BRCA","PDZK1IP1 BRCA"
"PDZK1IP1","HALLMARK_HEME_METABOLISM","KIRP","PDZK1IP1 KIRP"
"PICALM","HALLMARK_HEME_METABOLISM","UCEC","PICALM UCEC"
"PICALM","HALLMARK_HEME_METABOLISM","COAD","PICALM COAD"
"PICALM","HALLMARK_HEME_METABOLISM","SKCM","PICALM SKCM"
"PICALM","HALLMARK_HEME_METABOLISM","BLCA","PICALM BLCA"
"PICALM","HALLMARK_HEME_METABOLISM","DLBC","PICALM DLBC"
"PICALM","HALLMARK_HEME_METABOLISM","STAD","PICALM STAD"
"PICALM","HALLMARK_HEME_METABOLISM","LUSC","PICALM LUSC"
"PICALM","HALLMARK_HEME_METABOLISM","CESC","PICALM CESC"
"PICALM","HALLMARK_HEME_METABOLISM","READ","PICALM READ"
"PIM1","HALLMARK_HYPOXIA","PRAD","PIM1 PRAD"
"PIM1","HALLMARK_HYPOXIA","COAD","PIM1 COAD"
"PIM1","HALLMARK_HYPOXIA","HNSC","PIM1 HNSC"
"PIM1","HALLMARK_HYPOXIA","UCEC","PIM1 UCEC"
"PIM1","HALLMARK_HYPOXIA","BRCA","PIM1 BRCA"
"PIM1","HALLMARK_HYPOXIA","DLBC","PIM1 DLBC"
"PIM1","HALLMARK_HYPOXIA","LIHC","PIM1 LIHC"
"PIM1","HALLMARK_HYPOXIA","CGCI-BLGSP","PIM1 CGCI-BLGSP"
"PIM1","HALLMARK_HYPOXIA","CESC","PIM1 CESC"
"PIM1","HALLMARK_HYPOXIA","SKCM","PIM1 SKCM"
"PLAC8","HALLMARK_HYPOXIA","READ","PLAC8 READ"
"PLAC8","HALLMARK_HYPOXIA","LIHC","PLAC8 LIHC"
"PLAC8","HALLMARK_HYPOXIA","LUAD","PLAC8 LUAD"
"PLAC8","HALLMARK_HYPOXIA","HNSC","PLAC8 HNSC"
"PLAC8","HALLMARK_HYPOXIA","KIRP","PLAC8 KIRP"
"PLAC8","HALLMARK_HYPOXIA","ESCA","PLAC8 ESCA"
"PLAC8","HALLMARK_HYPOXIA","BLCA","PLAC8 BLCA"
"PLAC8","HALLMARK_HYPOXIA","KIRC","PLAC8 KIRC"
"PLAC8","HALLMARK_HYPOXIA","COAD","PLAC8 COAD"
"PLAC8","HALLMARK_HYPOXIA","LUSC","PLAC8 LUSC"
"PLAC8","HALLMARK_HYPOXIA","STAD","PLAC8 STAD"
"PLAC8","HALLMARK_HYPOXIA","PAAD","PLAC8 PAAD"
"PLAC8","HALLMARK_HYPOXIA","THCA","PLAC8 THCA"
"PPARG","HALLMARK_ADIPOGENESIS","THCA","PPARG THCA"
"PPARG","HALLMARK_ADIPOGENESIS","PANCAN","PPARG PANCAN"
"PPARG","HALLMARK_ADIPOGENESIS","BRCA","PPARG BRCA"
"PPARG","HALLMARK_ADIPOGENESIS","ESCA","PPARG ESCA"
"PPARG","HALLMARK_ADIPOGENESIS","HNSC","PPARG HNSC"
"PPARG","HALLMARK_ADIPOGENESIS","DLBC","PPARG DLBC"
"PPARG","HALLMARK_ADIPOGENESIS","LUSC","PPARG LUSC"
"PPARG","HALLMARK_ADIPOGENESIS","OS","PPARG OS"
"PPARG","HALLMARK_ADIPOGENESIS","COAD","PPARG COAD"
"PPARG","HALLMARK_ADIPOGENESIS","STAD","PPARG STAD"
"PPARG","HALLMARK_ADIPOGENESIS","UCEC","PPARG UCEC"
"PPARG","HALLMARK_ADIPOGENESIS","PRAD","PPARG PRAD"
"PPARG","HALLMARK_ADIPOGENESIS","CESC","PPARG CESC"
"PPARG","HALLMARK_ADIPOGENESIS","SKCM","PPARG SKCM"
"PPARG","HALLMARK_ADIPOGENESIS","PAAD","PPARG PAAD"
"PPARG","HALLMARK_ADIPOGENESIS","LUAD","PPARG LUAD"
"PPARG","HALLMARK_ADIPOGENESIS","BLCA","PPARG BLCA"
"PRKCA","HALLMARK_HYPOXIA","THCA","PRKCA THCA"
"RAP1GDS1","HALLMARK_FATTY_ACID_METABOLISM","PAAD","RAP1GDS1 PAAD"
"RAP1GDS1","HALLMARK_FATTY_ACID_METABOLISM","UCEC","RAP1GDS1 UCEC"
"RAP1GDS1","HALLMARK_FATTY_ACID_METABOLISM","STAD","RAP1GDS1 STAD"
"RAP1GDS1","HALLMARK_FATTY_ACID_METABOLISM","ESCA","RAP1GDS1 ESCA"
"RAP1GDS1","HALLMARK_FATTY_ACID_METABOLISM","HNSC","RAP1GDS1 HNSC"
"RAP1GDS1","HALLMARK_FATTY_ACID_METABOLISM","COAD","RAP1GDS1 COAD"
"RAP1GDS1","HALLMARK_FATTY_ACID_METABOLISM","BLCA","RAP1GDS1 BLCA"
"RAP1GDS1","HALLMARK_FATTY_ACID_METABOLISM","SKCM","RAP1GDS1 SKCM"
"RAP1GDS1","HALLMARK_FATTY_ACID_METABOLISM","READ","RAP1GDS1 READ"
"RAP1GDS1","HALLMARK_FATTY_ACID_METABOLISM","LUAD","RAP1GDS1 LUAD"
"RPS6KA3","HALLMARK_ANDROGEN_RESPONSE","LIHC","RPS6KA3 LIHC"
"RREB1","HALLMARK_ADIPOGENESIS","UCEC","RREB1 UCEC"
"S100A4","HALLMARK_HYPOXIA","BLCA","S100A4 BLCA"
"S100A4","HALLMARK_HYPOXIA","THCA","S100A4 THCA"
"S100A4","HALLMARK_HYPOXIA","PRAD","S100A4 PRAD"
"S100A4","HALLMARK_HYPOXIA","BRCA","S100A4 BRCA"
"S100A4","HALLMARK_HYPOXIA","KICH","S100A4 KICH"
"SDC4","HALLMARK_HYPOXIA","UCEC","SDC4 UCEC"
"SDC4","HALLMARK_HYPOXIA","CESC","SDC4 CESC"
"SDC4","HALLMARK_HYPOXIA","STAD","SDC4 STAD"
"SDHA","HALLMARK_FATTY_ACID_METABOLISM","LUAD","SDHA LUAD"
"SDHA","HALLMARK_FATTY_ACID_METABOLISM","LUSC","SDHA LUSC"
"SDHA","HALLMARK_FATTY_ACID_METABOLISM","COAD","SDHA COAD"
"SDHA","HALLMARK_FATTY_ACID_METABOLISM","UCS","SDHA UCS"
"SDHA","HALLMARK_FATTY_ACID_METABOLISM","PANCAN","SDHA PANCAN"
"SDHA","HALLMARK_FATTY_ACID_METABOLISM","KICH","SDHA KICH"
"SDHA","HALLMARK_FATTY_ACID_METABOLISM","BLCA","SDHA BLCA"
"SDHA","HALLMARK_FATTY_ACID_METABOLISM","SKCM","SDHA SKCM"
"SDHA","HALLMARK_FATTY_ACID_METABOLISM","CESC","SDHA CESC"
"SDHA","HALLMARK_FATTY_ACID_METABOLISM","LAML","SDHA LAML"
"SDHA","HALLMARK_FATTY_ACID_METABOLISM","UCEC","SDHA UCEC"
"SDHA","HALLMARK_FATTY_ACID_METABOLISM","READ","SDHA READ"
"SDHA","HALLMARK_FATTY_ACID_METABOLISM","ESCA","SDHA ESCA"
"SDHA","HALLMARK_FATTY_ACID_METABOLISM","STAD","SDHA STAD"
"SDHB","HALLMARK_OXIDATIVE_PHOSPHORYLATION","PCPG","SDHB PCPG"
"SDHB","HALLMARK_OXIDATIVE_PHOSPHORYLATION","UCEC","SDHB UCEC"
"SDHB","HALLMARK_OXIDATIVE_PHOSPHORYLATION","CESC","SDHB CESC"
"SDHB","HALLMARK_OXIDATIVE_PHOSPHORYLATION","THYM","SDHB THYM"
"SDHC","HALLMARK_ADIPOGENESIS","DLBC","SDHC DLBC"
"SDHC","HALLMARK_ADIPOGENESIS","SKCM","SDHC SKCM"
"SDHC","HALLMARK_ADIPOGENESIS","UCEC","SDHC UCEC"
"SDHD","HALLMARK_FATTY_ACID_METABOLISM","UCEC","SDHD UCEC"
"SDHD","HALLMARK_FATTY_ACID_METABOLISM","BLCA","SDHD BLCA"
"SDHD","HALLMARK_FATTY_ACID_METABOLISM","ESCA","SDHD ESCA"
"SDHD","HALLMARK_FATTY_ACID_METABOLISM","MESO","SDHD MESO"
"SERTAD1","HALLMARK_XENOBIOTIC_METABOLISM","THCA","SERTAD1 THCA"
"SERTAD1","HALLMARK_XENOBIOTIC_METABOLISM","LUAD","SERTAD1 LUAD"
"SGK1","HALLMARK_ANDROGEN_RESPONSE","SKCM","SGK1 SKCM"
"SGK1","HALLMARK_ANDROGEN_RESPONSE","GBM","SGK1 GBM"
"SGK1","HALLMARK_ANDROGEN_RESPONSE","OS","SGK1 OS"
"SGK1","HALLMARK_ANDROGEN_RESPONSE","COAD","SGK1 COAD"
"SGK1","HALLMARK_ANDROGEN_RESPONSE","KIRC","SGK1 KIRC"
"SGK1","HALLMARK_ANDROGEN_RESPONSE","UCS","SGK1 UCS"
"SGK1","HALLMARK_ANDROGEN_RESPONSE","BLCA","SGK1 BLCA"
"SGK1","HALLMARK_ANDROGEN_RESPONSE","CHOL","SGK1 CHOL"
"SGK1","HALLMARK_ANDROGEN_RESPONSE","LUSC","SGK1 LUSC"
"SGK1","HALLMARK_ANDROGEN_RESPONSE","MESO","SGK1 MESO"
"SGK1","HALLMARK_ANDROGEN_RESPONSE","CGCI-BLGSP","SGK1 CGCI-BLGSP"
"SGK1","HALLMARK_ANDROGEN_RESPONSE","ESCA","SGK1 ESCA"
"SGK1","HALLMARK_ANDROGEN_RESPONSE","THCA","SGK1 THCA"
"SGK1","HALLMARK_ANDROGEN_RESPONSE","PRAD","SGK1 PRAD"
"SGK1","HALLMARK_ANDROGEN_RESPONSE","DLBC","SGK1 DLBC"
"SGK1","HALLMARK_ANDROGEN_RESPONSE","KIRP","SGK1 KIRP"
"SGK1","HALLMARK_ANDROGEN_RESPONSE","PANCAN","SGK1 PANCAN"
"SGK1","HALLMARK_ANDROGEN_RESPONSE","READ","SGK1 READ"
"SGK1","HALLMARK_ANDROGEN_RESPONSE","THYM","SGK1 THYM"
"SGK1","HALLMARK_ANDROGEN_RESPONSE","LIHC","SGK1 LIHC"
"SGK1","HALLMARK_ANDROGEN_RESPONSE","UCEC","SGK1 UCEC"
"SGK1","HALLMARK_ANDROGEN_RESPONSE","STAD","SGK1 STAD"
"SGK1","HALLMARK_ANDROGEN_RESPONSE","BRCA","SGK1 BRCA"
"SNCG","HALLMARK_ADIPOGENESIS","KIRC","SNCG KIRC"
"SNCG","HALLMARK_ADIPOGENESIS","PAAD","SNCG PAAD"
"SNCG","HALLMARK_ADIPOGENESIS","KIRP","SNCG KIRP"
"SNCG","HALLMARK_ADIPOGENESIS","UCEC","SNCG UCEC"
"SNCG","HALLMARK_ADIPOGENESIS","BLCA","SNCG BLCA"
"SNCG","HALLMARK_ADIPOGENESIS","HNSC","SNCG HNSC"
"SNCG","HALLMARK_ADIPOGENESIS","BRCA","SNCG BRCA"
"SNCG","HALLMARK_ADIPOGENESIS","LIHC","SNCG LIHC"
"SNCG","HALLMARK_ADIPOGENESIS","THCA","SNCG THCA"
"SNCG","HALLMARK_ADIPOGENESIS","PRAD","SNCG PRAD"
"SNCG","HALLMARK_ADIPOGENESIS","LUAD","SNCG LUAD"
"SPTB","HALLMARK_HEME_METABOLISM","LUAD","SPTB LUAD"
"STMN1","HALLMARK_GLYCOLYSIS","LIHC","STMN1 LIHC"
"STMN1","HALLMARK_GLYCOLYSIS","THCA","STMN1 THCA"
"STMN1","HALLMARK_GLYCOLYSIS","KIRP","STMN1 KIRP"
"TAL1","HALLMARK_HEME_METABOLISM","COAD","TAL1 COAD"
"TAL1","HALLMARK_HEME_METABOLISM","READ","TAL1 READ"
"TAL1","HALLMARK_HEME_METABOLISM","SKCM","TAL1 SKCM"
"TAL1","HALLMARK_HEME_METABOLISM","OS","TAL1 OS"
"TAL1","HALLMARK_HEME_METABOLISM","LUAD","TAL1 LUAD"
"TAL1","HALLMARK_HEME_METABOLISM","STAD","TAL1 STAD"
"TAL1","HALLMARK_HEME_METABOLISM","PAAD","TAL1 PAAD"
"TAL1","HALLMARK_HEME_METABOLISM","KICH","TAL1 KICH"
"TAL1","HALLMARK_HEME_METABOLISM","NHL","TAL1 NHL"
"TAL1","HALLMARK_HEME_METABOLISM","LUSC","TAL1 LUSC"
"TCEA1","HALLMARK_HEME_METABOLISM","COAD","TCEA1 COAD"
"TCEA1","HALLMARK_HEME_METABOLISM","CESC","TCEA1 CESC"
"TCEA1","HALLMARK_HEME_METABOLISM","ESCA","TCEA1 ESCA"
"TCEA1","HALLMARK_HEME_METABOLISM","STAD","TCEA1 STAD"
"TCEA1","HALLMARK_HEME_METABOLISM","UCEC","TCEA1 UCEC"
"TENT5C","HALLMARK_HEME_METABOLISM","THYM","TENT5C THYM"
"TENT5C","HALLMARK_HEME_METABOLISM","SARC","TENT5C SARC"
"TENT5C","HALLMARK_HEME_METABOLISM","GBM","TENT5C GBM"
"TENT5C","HALLMARK_HEME_METABOLISM","SKCM","TENT5C SKCM"
"TENT5C","HALLMARK_HEME_METABOLISM","HNSC","TENT5C HNSC"
"TENT5C","HALLMARK_HEME_METABOLISM","UCEC","TENT5C UCEC"
"TENT5C","HALLMARK_HEME_METABOLISM","MESO","TENT5C MESO"
"TENT5C","HALLMARK_HEME_METABOLISM","PANCAN","TENT5C PANCAN"
"TENT5C","HALLMARK_HEME_METABOLISM","COAD","TENT5C COAD"
"TFRC","HALLMARK_HEME_METABOLISM","STAD","TFRC STAD"
"TFRC","HALLMARK_HEME_METABOLISM","HNSC","TFRC HNSC"
"TFRC","HALLMARK_HEME_METABOLISM","COAD","TFRC COAD"
"TFRC","HALLMARK_HEME_METABOLISM","BLCA","TFRC BLCA"
"TFRC","HALLMARK_HEME_METABOLISM","OV","TFRC OV"
"TFRC","HALLMARK_HEME_METABOLISM","UCEC","TFRC UCEC"
"TFRC","HALLMARK_HEME_METABOLISM","OS","TFRC OS"
"TFRC","HALLMARK_HEME_METABOLISM","READ","TFRC READ"
"TFRC","HALLMARK_HEME_METABOLISM","LIHC","TFRC LIHC"
"TFRC","HALLMARK_HEME_METABOLISM","CESC","TFRC CESC"
"TFRC","HALLMARK_HEME_METABOLISM","SARC","TFRC SARC"
"TFRC","HALLMARK_HEME_METABOLISM","LUSC","TFRC LUSC"
"TFRC","HALLMARK_HEME_METABOLISM","SKCM","TFRC SKCM"
"TKTL1","HALLMARK_HYPOXIA","STAD","TKTL1 STAD"
"TKTL1","HALLMARK_HYPOXIA","BLCA","TKTL1 BLCA"
"TKTL1","HALLMARK_HYPOXIA","LUSC","TKTL1 LUSC"
"TKTL1","HALLMARK_HYPOXIA","ESCA","TKTL1 ESCA"
"TKTL1","HALLMARK_HYPOXIA","HNSC","TKTL1 HNSC"
"TKTL1","HALLMARK_HYPOXIA","LUAD","TKTL1 LUAD"
"TKTL1","HALLMARK_HYPOXIA","LIHC","TKTL1 LIHC"
"TMPRSS2","HALLMARK_ANDROGEN_RESPONSE","UCEC","TMPRSS2 UCEC"
"TMPRSS2","HALLMARK_ANDROGEN_RESPONSE","PRAD","TMPRSS2 PRAD"
"TMPRSS2","HALLMARK_ANDROGEN_RESPONSE","COAD","TMPRSS2 COAD"
"TMPRSS2","HALLMARK_ANDROGEN_RESPONSE","SKCM","TMPRSS2 SKCM"
"TMPRSS2","HALLMARK_ANDROGEN_RESPONSE","READ","TMPRSS2 READ"
"TMPRSS2","HALLMARK_ANDROGEN_RESPONSE","BLCA","TMPRSS2 BLCA"
"TMPRSS2","HALLMARK_ANDROGEN_RESPONSE","SARC","TMPRSS2 SARC"
"TNFAIP3","HALLMARK_HYPOXIA","CGCI-BLGSP","TNFAIP3 CGCI-BLGSP"
"TNFAIP3","HALLMARK_HYPOXIA","UCEC","TNFAIP3 UCEC"
"TNFAIP3","HALLMARK_HYPOXIA","PANCAN","TNFAIP3 PANCAN"
"TNFAIP3","HALLMARK_HYPOXIA","CESC","TNFAIP3 CESC"
"TNFAIP3","HALLMARK_HYPOXIA","UCS","TNFAIP3 UCS"
"TNFAIP3","HALLMARK_HYPOXIA","LUSC","TNFAIP3 LUSC"
"TNFAIP3","HALLMARK_HYPOXIA","THYM","TNFAIP3 THYM"
"TNFAIP3","HALLMARK_HYPOXIA","BLCA","TNFAIP3 BLCA"
"TNFAIP3","HALLMARK_HYPOXIA","ESCA","TNFAIP3 ESCA"
"TNFAIP3","HALLMARK_HYPOXIA","COAD","TNFAIP3 COAD"
"TNFAIP3","HALLMARK_HYPOXIA","DLBC","TNFAIP3 DLBC"
"TNFAIP3","HALLMARK_HYPOXIA","BRCA","TNFAIP3 BRCA"
"TNFAIP3","HALLMARK_HYPOXIA","OV","TNFAIP3 OV"
"TNFAIP3","HALLMARK_HYPOXIA","HNSC","TNFAIP3 HNSC"
"TNFAIP3","HALLMARK_HYPOXIA","WT","TNFAIP3 WT"
"TNFAIP3","HALLMARK_HYPOXIA","READ","TNFAIP3 READ"
"TNFAIP3","HALLMARK_HYPOXIA","NKTL","TNFAIP3 NKTL"
"TNFAIP3","HALLMARK_HYPOXIA","LUAD","TNFAIP3 LUAD"
"TNFAIP3","HALLMARK_HYPOXIA","PAAD","TNFAIP3 PAAD"
"TNFAIP3","HALLMARK_HYPOXIA","SKCM","TNFAIP3 SKCM"
"TNFAIP3","HALLMARK_HYPOXIA","STAD","TNFAIP3 STAD"
"TOP1","HALLMARK_HEME_METABOLISM","BLCA","TOP1 BLCA"
"TOP1","HALLMARK_HEME_METABOLISM","READ","TOP1 READ"
"TOP1","HALLMARK_HEME_METABOLISM","UCEC","TOP1 UCEC"
"TOP1","HALLMARK_HEME_METABOLISM","OV","TOP1 OV"
"TOP1","HALLMARK_HEME_METABOLISM","LUAD","TOP1 LUAD"
"TOP1","HALLMARK_HEME_METABOLISM","PANCAN","TOP1 PANCAN"
"TOP1","HALLMARK_HEME_METABOLISM","CESC","TOP1 CESC"
"TOP1","HALLMARK_HEME_METABOLISM","OS","TOP1 OS"
"TOP1","HALLMARK_HEME_METABOLISM","COAD","TOP1 COAD"
"TOP1","HALLMARK_HEME_METABOLISM","SKCM","TOP1 SKCM"
"TOP1","HALLMARK_HEME_METABOLISM","ESCA","TOP1 ESCA"
"TOP1","HALLMARK_HEME_METABOLISM","STAD","TOP1 STAD"
"TOP1","HALLMARK_HEME_METABOLISM","LUSC","TOP1 LUSC"
"TOP1","HALLMARK_HEME_METABOLISM","HNSC","TOP1 HNSC"
"TOP1","HALLMARK_HEME_METABOLISM","LAML","TOP1 LAML"
"TRIM58","HALLMARK_HEME_METABOLISM","LIHC","TRIM58 LIHC"
"VCAN","HALLMARK_GLYCOLYSIS","LUAD","VCAN LUAD"
"VCAN","HALLMARK_GLYCOLYSIS","UCEC","VCAN UCEC"
"VHL","HALLMARK_HYPOXIA","KIRC","VHL KIRC"
"VHL","HALLMARK_HYPOXIA","KIRP","VHL KIRP"
"VHL","HALLMARK_HYPOXIA","SARC","VHL SARC"
"VHL","HALLMARK_HYPOXIA","UCEC","VHL UCEC"
"VHL","HALLMARK_HYPOXIA","SKCM","VHL SKCM"
"VHL","HALLMARK_HYPOXIA","THYM","VHL THYM"
"VHL","HALLMARK_HYPOXIA","PANCAN","VHL PANCAN"
"VHL","HALLMARK_HYPOXIA","PCPCG","VHL PCPCG"
"ZNF292","HALLMARK_GLYCOLYSIS","ESCA","ZNF292 ESCA"
"ZNF292","HALLMARK_GLYCOLYSIS","HNSC","ZNF292 HNSC"
